{
"type": "FeatureCollection",
"name": "zone_1",
"crs": { "type": "name", "properties": { "name": "urn:ogc:def:crs:OGC:1.3:CRS84" } },
"features": [
{ "type": "Feature", "properties": { "Name": "", "Description": "" }, "geometry": { "type": "MultiPolygon", "coordinates": [ [ [ [ -118.057519211149, 34.170500297567102, 0.0 ], [ -118.057547043149, 34.170506495567103, 0.0 ], [ -118.057704793607996, 34.170554334868797, 0.0 ], [ -118.057730905607997, 34.170564455868799, 0.0 ], [ -118.057886002847994, 34.170639075480999, 0.0 ], [ -118.057909605847996, 34.170652812481002, 0.0 ], [ -118.058058734962998, 34.170757097630101, 0.0 ], [ -118.058079108963, 34.170774030630099, 0.0 ], [ -118.058216703667995, 34.170910715335303, 0.0 ], [ -118.058233229668005, 34.170930333335299, 0.0 ], [ -118.058350790869994, 34.171100107414397, 0.0 ], [ -118.058362966870007, 34.171121812414398, 0.0 ], [ -118.058450166537995, 34.1713215919902, 0.0 ], [ -118.058457624537994, 34.171344724990199, 0.0 ], [ -118.058504442420002, 34.171566149234401, 0.0 ], [ -118.058504860843001, 34.1715701246777, 0.0 ], [ -118.059122377489999, 34.171924868283199, 0.0 ], [ -118.059244160686006, 34.171915671913801, 0.0 ], [ -118.059566308114, 34.1719903252108, 0.0 ], [ -118.059879578990007, 34.172115181239597, 0.0 ], [ -118.059913210614994, 34.171950342475199, 0.0 ], [ -118.060065432615005, 34.1715651144753, 0.0 ], [ -118.060162768501996, 34.171375309270701, 0.0 ], [ -118.060484519501998, 34.1708748602707, 0.0 ], [ -118.060537475488999, 34.170799637000201, 0.0 ], [ -118.060750236489, 34.170522881000203, 0.0 ], [ -118.061102661174999, 34.170224273990399, 0.0 ], [ -118.061459409175001, 34.170033782990402, 0.0 ], [ -118.061735312105995, 34.169931292196303, 0.0 ], [ -118.062028545383995, 34.169905973525204, 0.0 ], [ -118.062545737383999, 34.169931151525198, 0.0 ], [ -118.062885046776998, 34.170002626872602, 0.0 ], [ -118.063447096776997, 34.170218419872697, 0.0 ], [ -118.063459052325996, 34.170223010083099, 0.0 ], [ -118.063732417853004, 34.170375947285699, 0.0 ], [ -118.063859195570004, 34.170505717516903, 0.0 ], [ -118.064357928909999, 34.170334022432698, 0.0 ], [ -118.064431263128995, 34.1701660094161, 0.0 ], [ -118.064443439128993, 34.170144304416098, 0.0 ], [ -118.064561039094002, 34.1699744843242, 0.0 ], [ -118.064577566094002, 34.169954867324101, 0.0 ], [ -118.064715077266001, 34.169818265841897, 0.0 ], [ -118.064735450265999, 34.169801331842002, 0.0 ], [ -118.064884636672005, 34.169697002194297, 0.0 ], [ -118.064908238672004, 34.169683266194198, 0.0 ], [ -118.065063302569996, 34.169608661939598, 0.0 ], [ -118.06508941557, 34.169598539939599, 0.0 ], [ -118.065247170549995, 34.169550696197099, 0.0 ], [ -118.065275000550002, 34.169544498197098, 0.0 ], [ -118.065433661810999, 34.169521190703001, 0.0 ], [ -118.065462364810998, 34.169519103703102, 0.0 ], [ -118.065621212436, 34.1695191035029, 0.0 ], [ -118.065649916436001, 34.169521190502799, 0.0 ], [ -118.065808608897001, 34.169544504532901, 0.0 ], [ -118.065836439896998, 34.169550703532899, 0.0 ], [ -118.065994124785007, 34.169598524797998, 0.0 ], [ -118.066020235785004, 34.169608644797997, 0.0 ], [ -118.066175323893006, 34.169683255047602, 0.0 ], [ -118.066198926892994, 34.169696991047701, 0.0 ], [ -118.066348134859993, 34.169801334271902, 0.0 ], [ -118.066368508859995, 34.169818269271801, 0.0 ], [ -118.066506054667997, 34.169954913335999, 0.0 ], [ -118.066522580668007, 34.169974531336003, 0.0 ], [ -118.066640112556996, 34.170144253163599, 0.0 ], [ -118.066652289556998, 34.170165957163697, 0.0 ], [ -118.066739531696996, 34.170365829810102, 0.0 ], [ -118.066746988697005, 34.170388962810101, 0.0 ], [ -118.066793793418995, 34.170610346233197, 0.0 ], [ -118.066796304419, 34.170634203233099, 0.0 ], [ -118.066796309671005, 34.170863438858198, 0.0 ], [ -118.066794585612996, 34.170879826343601, 0.0 ], [ -118.069044764853999, 34.170879826343601, 0.0 ], [ -118.069002394101005, 34.170790382321201, 0.0 ], [ -118.068955104, 34.170472025, 0.0 ], [ -118.068955104, 34.169993709, 0.0 ], [ -118.069020978148998, 34.169619601786302, 0.0 ], [ -118.069210676460003, 34.169290496694302, 0.0 ], [ -118.069501379735996, 34.169045982448402, 0.0 ], [ -118.070323456736006, 34.168569802448502, 0.0 ], [ -118.070327302880003, 34.1685675754416, 0.0 ], [ -118.070636220289003, 34.168446749723699, 0.0 ], [ -118.070967141433997, 34.168423945878999, 0.0 ], [ -118.071289712397999, 34.168501255602401, 0.0 ], [ -118.071366989412994, 34.168547500274002, 0.0 ], [ -118.071373790351998, 34.168535375888801, 0.0 ], [ -118.071491391370003, 34.168365543361801, 0.0 ], [ -118.071507918370003, 34.168345925361798, 0.0 ], [ -118.071645467584005, 34.168209285954497, 0.0 ], [ -118.071665841583993, 34.168192351954403, 0.0 ], [ -118.071814990240995, 34.168088049339097, 0.0 ], [ -118.071838591241004, 34.168074313339197, 0.0 ], [ -118.071993693390993, 34.167999690868903, 0.0 ], [ -118.072019805392003, 34.167989569868901, 0.0 ], [ -118.072177547701003, 34.167941732382097, 0.0 ], [ -118.072205378701, 34.167935534382003, 0.0 ], [ -118.072364029049993, 34.167912228903802, 0.0 ], [ -118.072392731050002, 34.167910141903697, 0.0 ], [ -118.072551584197001, 34.167910141703601, 0.0 ], [ -118.072580287196999, 34.167912228703699, 0.0 ], [ -118.072738948449995, 34.167935536197199, 0.0 ], [ -118.072766778450003, 34.1679417341972, 0.0 ], [ -118.072924499430997, 34.167989564761299, 0.0 ], [ -118.072950612431001, 34.167999685761302, 0.0 ], [ -118.073105757717002, 34.168074330775397, 0.0 ], [ -118.073129358716997, 34.168088067775301, 0.0 ], [ -118.073278473288994, 34.168192349523899, 0.0 ], [ -118.073298846289006, 34.168209282524003, 0.0 ], [ -118.073338346582005, 34.168248522523498, 0.0 ], [ -118.075578602568996, 34.169641114082999, 0.0 ], [ -118.075576218481999, 34.169645097814403, 0.0 ], [ -118.075590480236002, 34.1696367973422, 0.0 ], [ -118.075745574752005, 34.169562177830002, 0.0 ], [ -118.075771688751999, 34.169552055830103, 0.0 ], [ -118.075929438700996, 34.169504215381899, 0.0 ], [ -118.075957269700993, 34.169498017381898, 0.0 ], [ -118.076011839789999, 34.1694900011248, 0.0 ], [ -118.076201871565999, 34.169280084297398, 0.0 ], [ -118.076278621219004, 34.1692033190374, 0.0 ], [ -118.076486134522, 34.169015386318399, 0.0 ], [ -118.076531808484006, 34.1688764914676, 0.0 ], [ -118.076705105315, 34.168549573581799, 0.0 ], [ -118.077017506315997, 34.168144682581698, 0.0 ], [ -118.077363273027999, 34.1678505488563, 0.0 ], [ -118.077785644485004, 34.167621922521199, 0.0 ], [ -118.078094065157998, 34.167448556048299, 0.0 ], [ -118.078206465115997, 34.167385374860601, 0.0 ], [ -118.078480934067997, 34.167191229184702, 0.0 ], [ -118.078741822213999, 34.166884549098597, 0.0 ], [ -118.078883053129005, 34.166555838359301, 0.0 ], [ -118.079102115883998, 34.166226731412699, 0.0 ], [ -118.079491836884003, 34.165823823412701, 0.0 ], [ -118.079784377075001, 34.165608128503102, 0.0 ], [ -118.080131396202006, 34.165500046206503, 0.0 ], [ -118.080494677550007, 34.165511479470098, 0.0 ], [ -118.08078107755, 34.165568987470202, 0.0 ], [ -118.080791865360993, 34.165571154503397, 0.0 ], [ -118.081092951795995, 34.165679293293302, 0.0 ], [ -118.081349945146997, 34.165869822705602, 0.0 ], [ -118.081540918325999, 34.166126486463, 0.0 ], [ -118.081676697326003, 34.166379147462997, 0.0 ], [ -118.081793970427995, 34.16672800573, 0.0 ], [ -118.081789058804006, 34.167096015168802, 0.0 ], [ -118.081671798803995, 34.167732578168803, 0.0 ], [ -118.081583456442999, 34.168005199119698, 0.0 ], [ -118.081427417967006, 34.168245570810001, 0.0 ], [ -118.081325683689002, 34.1683646555678, 0.0 ], [ -118.081323634610001, 34.168403257836097, 0.0 ], [ -118.081322939632997, 34.168737537026502, 0.0 ], [ -118.081297529688996, 34.168969821765501, 0.0 ], [ -118.081211039626993, 34.169364298685998, 0.0 ], [ -118.081146059323004, 34.169739740338699, 0.0 ], [ -118.081073404430001, 34.169984728337297, 0.0 ], [ -118.080844433430002, 34.170518501337199, 0.0 ], [ -118.080763617767005, 34.170672036155999, 0.0 ], [ -118.080537117766994, 34.171030269156098, 0.0 ], [ -118.080454879547005, 34.171143589933003, 0.0 ], [ -118.080206211546994, 34.171443817932897, 0.0 ], [ -118.079901847293002, 34.171698550572302, 0.0 ], [ -118.079526684909993, 34.171828086294099, 0.0 ], [ -118.079084223883001, 34.171895077574803, 0.0 ], [ -118.078740657173, 34.171983659105997, 0.0 ], [ -118.078286639599, 34.1721483970449, 0.0 ], [ -118.077818290720998, 34.172332499354098, 0.0 ], [ -118.077714879287001, 34.172395318294598, 0.0 ], [ -118.077957787111004, 34.172547723532801, 0.0 ], [ -118.078404229534996, 34.172818380292, 0.0 ], [ -118.078542562986001, 34.172931308410099, 0.0 ], [ -118.078611848568997, 34.172897976761298, 0.0 ], [ -118.078637961569001, 34.172887855761303, 0.0 ], [ -118.078795707001007, 34.172840019752002, 0.0 ], [ -118.078823540000997, 34.1728338217521, 0.0 ], [ -118.078982176805994, 34.172810519703297, 0.0 ], [ -118.079010879806006, 34.172808432703299, 0.0 ], [ -118.079169727440998, 34.172808432503203, 0.0 ], [ -118.079198431441, 34.172810519503201, 0.0 ], [ -118.079357079149005, 34.172833823566897, 0.0 ], [ -118.079384911149006, 34.172840021566898, 0.0 ], [ -118.079542622077, 34.172887845547201, 0.0 ], [ -118.079568737076997, 34.172897966547197, 0.0 ], [ -118.079723908719998, 34.172972621777099, 0.0 ], [ -118.079747509719994, 34.172986358777102, 0.0 ], [ -118.079896587774002, 34.173090610176203, 0.0 ], [ -118.079916963773996, 34.173107544176297, 0.0 ], [ -118.080054556942002, 34.173244221294198, 0.0 ], [ -118.080071082941998, 34.173263838294098, 0.0 ], [ -118.080188624312996, 34.173433566470003, 0.0 ], [ -118.080200802313001, 34.173455271469997, 0.0 ], [ -118.080213715107007, 34.173484855775399, 0.0 ], [ -118.080263821312002, 34.173557208469397, 0.0 ], [ -118.080275999311993, 34.173578913469399, 0.0 ], [ -118.080363245455999, 34.173778787653099, 0.0 ], [ -118.080370702455994, 34.173801919653201, 0.0 ], [ -118.080417511920004, 34.1740233209851, 0.0 ], [ -118.080420022919995, 34.174047178984999, 0.0 ], [ -118.080420022919995, 34.1742764550145, 0.0 ], [ -118.080417511920004, 34.174300313014498, 0.0 ], [ -118.080370702455994, 34.174521714346902, 0.0 ], [ -118.080363245455999, 34.174544846346997, 0.0 ], [ -118.080275999311993, 34.174744720530597, 0.0 ], [ -118.080263821312002, 34.174766425530599, 0.0 ], [ -118.080146258903, 34.174936178679602, 0.0 ], [ -118.080129731903, 34.174955795679502, 0.0 ], [ -118.079992204541995, 34.175092410616301, 0.0 ], [ -118.079971829542004, 34.175109345616299, 0.0 ], [ -118.079822659328997, 34.175213661805401, 0.0 ], [ -118.079799057328998, 34.1752273978055, 0.0 ], [ -118.079643959430001, 34.175302015239403, 0.0 ], [ -118.079617846429002, 34.175312136239398, 0.0 ], [ -118.079460101, 34.175359972247797, 0.0 ], [ -118.079432268, 34.175366170247798, 0.0 ], [ -118.079273628441001, 34.175389472497002, 0.0 ], [ -118.079244924440999, 34.175391559496902, 0.0 ], [ -118.079086079559005, 34.175391559496902, 0.0 ], [ -118.079057375559003, 34.175389472496903, 0.0 ], [ -118.078898727850003, 34.175366168433101, 0.0 ], [ -118.078870895850997, 34.175359970433, 0.0 ], [ -118.078713184923998, 34.175312146453301, 0.0 ], [ -118.078687069924001, 34.175302025453298, 0.0 ], [ -118.078609579393998, 34.175264743684103, 0.0 ], [ -118.078591211228996, 34.1753063831787, 0.0 ], [ -118.078223097662999, 34.175813193529002, 0.0 ], [ -118.078178418761993, 34.175887277351698, 0.0 ], [ -118.077920322783996, 34.1763152356164, 0.0 ], [ -118.077609367232, 34.177252936177297, 0.0 ], [ -118.077570812814997, 34.177488119367197, 0.0 ], [ -118.077571341711007, 34.177499116583498, 0.0 ], [ -118.077663880347998, 34.177613395788001, 0.0 ], [ -118.077705676468, 34.177668479692102, 0.0 ], [ -118.078059690245993, 34.178166970486899, 0.0 ], [ -118.078292824507002, 34.178468176157203, 0.0 ], [ -118.078361000173999, 34.178567010337602, 0.0 ], [ -118.078569197977004, 34.178907348574398, 0.0 ], [ -118.078724870952001, 34.179092182379897, 0.0 ], [ -118.078847628497996, 34.179226043248299, 0.0 ], [ -118.079094441311, 34.179364897260797, 0.0 ], [ -118.079448046406995, 34.179681996849602, 0.0 ], [ -118.079707662407003, 34.180044724849701, 0.0 ], [ -118.079888649541004, 34.1804558985502, 0.0 ], [ -118.079907480127005, 34.180545078727498, 0.0 ], [ -118.079930156659003, 34.180570743106699, 0.0 ], [ -118.080330055055995, 34.180900412706102, 0.0 ], [ -118.080530151936998, 34.181116748121497, 0.0 ], [ -118.080665327562997, 34.181378601751398, 0.0 ], [ -118.080725796034002, 34.181667016968497, 0.0 ], [ -118.080755397033997, 34.1820790129686, 0.0 ], [ -118.080746043961, 34.182238893004403, 0.0 ], [ -118.080890104502998, 34.182255722476, 0.0 ], [ -118.081047069324995, 34.182129888356599, 0.0 ], [ -118.081318872398995, 34.182013389463599, 0.0 ], [ -118.081630828399, 34.181927216463599, 0.0 ], [ -118.081849225401001, 34.181890129474397, 0.0 ], [ -118.082364266401001, 34.181855618474302, 0.0 ], [ -118.082795143937005, 34.181913210454397, 0.0 ], [ -118.083234923486003, 34.182065151833797, 0.0 ], [ -118.083407001956999, 34.182117637179502, 0.0 ], [ -118.083412037897006, 34.182105779631101, 0.0 ], [ -118.083438013876005, 34.1820491501568, 0.0 ], [ -118.083531178876001, 34.181860403156897, 0.0 ], [ -118.083723885761003, 34.181585971780798, 0.0 ], [ -118.083990593639001, 34.181382709803501, 0.0 ], [ -118.084117496638996, 34.1813137908035, 0.0 ], [ -118.084483125098998, 34.181192336206998, 0.0 ], [ -118.084868189763, 34.181205008788503, 0.0 ], [ -118.085225041507996, 34.181350240402502, 0.0 ], [ -118.085402519507994, 34.1814623314025, 0.0 ], [ -118.085462644806995, 34.181516959231899, 0.0 ], [ -118.085499613918003, 34.181459478332798, 0.0 ], [ -118.085609794958998, 34.181315826086198, 0.0 ], [ -118.085645069831997, 34.181276962879402, 0.0 ], [ -118.085649470861995, 34.181248139659502, 0.0 ], [ -118.085650186590001, 34.181243979381797, 0.0 ], [ -118.085657918818001, 34.181203588398297, 0.0 ], [ -118.085658792157005, 34.181199448771402, 0.0 ], [ -118.085667987050996, 34.181159569147603, 0.0 ], [ -118.085669017138002, 34.181155454256903, 0.0 ], [ -118.085679631320005, 34.181116167208401, 0.0 ], [ -118.085680817140002, 34.181112081114598, 0.0 ], [ -118.085692801809998, 34.181073462522299, 0.0 ], [ -118.085694142191002, 34.1810694092581, 0.0 ], [ -118.085707443885994, 34.181031529087598, 0.0 ], [ -118.085708937505999, 34.181027512653003, 0.0 ], [ -118.085723498831996, 34.180990434698302, 0.0 ], [ -118.085725144216994, 34.180986459057102, 0.0 ], [ -118.085740904665997, 34.180950240606798, 0.0 ], [ -118.085742700192995, 34.180946309682298, 0.0 ], [ -118.085759596898001, 34.180911001455399, 0.0 ], [ -118.085761540793996, 34.180907119127099, 0.0 ], [ -118.085779509307997, 34.180872765216698, 0.0 ], [ -118.085781599654993, 34.180868935315999, 0.0 ], [ -118.085800574657995, 34.180835573312301, 0.0 ], [ -118.085802809392007, 34.180831799618801, 0.0 ], [ -118.085822725376005, 34.180799460762003, 0.0 ], [ -118.085825102293001, 34.180795746999898, 0.0 ], [ -118.085845894195998, 34.1807644564187, 0.0 ], [ -118.085848410948998, 34.180760806253097, 0.0 ], [ -118.085870014693, 34.180730583311899, 0.0 ], [ -118.085872668798999, 34.180727000345001, 0.0 ], [ -118.085895021770995, 34.180697859016597, 0.0 ], [ -118.085897810611996, 34.180694346784399, 0.0 ], [ -118.085920852128993, 34.180666296000197, 0.0 ], [ -118.085923772951006, 34.180662857968898, 0.0 ], [ -118.085947444553, 34.180635902122603, 0.0 ], [ -118.085950494474005, 34.1806325416851, 0.0 ], [ -118.085974740249995, 34.1806066810217, 0.0 ], [ -118.085977916261001, 34.180603401494302, 0.0 ], [ -118.086002683055995, 34.180578632583597, 0.0 ], [ -118.086005982021007, 34.180575437202897, 0.0 ], [ -118.086031219573997, 34.180551753400202, 0.0 ], [ -118.086034638238999, 34.180548645319597, 0.0 ], [ -118.086060299330995, 34.180526037166203, 0.0 ], [ -118.086063834320996, 34.180523019453098, 0.0 ], [ -118.086089874788996, 34.180501475133902, 0.0 ], [ -118.086093522615002, 34.180498550766302, 0.0 ], [ -118.086119901396003, 34.180478056481903, 0.0 ], [ -118.086123658459002, 34.180475228345799, 0.0 ], [ -118.086150337556006, 34.180455768698899, 0.0 ], [ -118.086154200148002, 34.180453039585402, 0.0 ], [ -118.086181144571, 34.180434597932198, 0.0 ], [ -118.086185108880002, 34.180431970534599, 0.0 ], [ -118.086212286581002, 34.1804145292976, 0.0 ], [ -118.086216348693995, 34.180412006208897, 0.0 ], [ -118.086225464699993, 34.1804065266263, 0.0 ], [ -118.086243600152997, 34.180243194351299, 0.0 ], [ -118.086383500400004, 34.179932436819698, 0.0 ], [ -118.086612146541, 34.179679724998401, 0.0 ], [ -118.086880061540995, 34.179463454998498, 0.0 ], [ -118.086928834301006, 34.179426289997899, 0.0 ], [ -118.087273872300997, 34.179178323997903, 0.0 ], [ -118.087534105792997, 34.1790401146542, 0.0 ], [ -118.087821766706995, 34.178976282911599, 0.0 ], [ -118.088240012941995, 34.1789413056512, 0.0 ], [ -118.088317739755993, 34.178886856715899, 0.0 ], [ -118.088636881339994, 34.178663291408597, 0.0 ], [ -118.088861029626997, 34.178542419213699, 0.0 ], [ -118.089770610814995, 34.1781811959424, 0.0 ], [ -118.090749478871004, 34.177783114699402, 0.0 ], [ -118.091020232960005, 34.177624180544498, 0.0 ], [ -118.091070633453, 34.177594595187898, 0.0 ], [ -118.091071434097003, 34.177538005303198, 0.0 ], [ -118.091176878556993, 34.1772205933066, 0.0 ], [ -118.091373202130995, 34.176949805634003, 0.0 ], [ -118.091497825063001, 34.176823982521903, 0.0 ], [ -118.091610176982996, 34.176541120542403, 0.0 ], [ -118.091697887983003, 34.176389931542403, 0.0 ], [ -118.091843039839006, 34.176233119317203, 0.0 ], [ -118.091719640457001, 34.1761468266157, 0.0 ], [ -118.091699265456995, 34.176129891615702, 0.0 ], [ -118.091561738094001, 34.175993276675797, 0.0 ], [ -118.091545211094001, 34.175973659675698, 0.0 ], [ -118.091427629909006, 34.175803873059998, 0.0 ], [ -118.091415452909004, 34.175782168060003, 0.0 ], [ -118.091328238705003, 34.175582368169799, 0.0 ], [ -118.091320780705004, 34.175559236170002, 0.0 ], [ -118.091273958079995, 34.175337794013899, 0.0 ], [ -118.091271447080004, 34.1753139360139, 0.0 ], [ -118.091271447579999, 34.175084655233597, 0.0 ], [ -118.091273958580999, 34.175060798233602, 0.0 ], [ -118.091320776461998, 34.174839373991801, 0.0 ], [ -118.091328234461997, 34.174816240991802, 0.0 ], [ -118.091415501005002, 34.174616342219799, 0.0 ], [ -118.091427680004998, 34.174594638219801, 0.0 ], [ -118.091429006910005, 34.174592722247297, 0.0 ], [ -118.091487172838995, 34.174322716952197, 0.0 ], [ -118.091661216195007, 34.174024714147002, 0.0 ], [ -118.091700825901, 34.173989566140897, 0.0 ], [ -118.091625826053004, 34.173808419923702, 0.0 ], [ -118.091618643982002, 34.173790634080603, 0.0 ], [ -118.091555167639001, 34.1736293871664, 0.0 ], [ -118.091378205238996, 34.173355860050201, 0.0 ], [ -118.091298735747003, 34.173435147250999, 0.0 ], [ -118.091090662943003, 34.173597768809103, 0.0 ], [ -118.090849713401994, 34.173705858502103, 0.0 ], [ -118.090260299402004, 34.173888724502099, 0.0 ], [ -118.090189970899004, 34.173910543953902, 0.0 ], [ -118.089952383652005, 34.174055530921699, 0.0 ], [ -118.089434483651999, 34.174254932921798, 0.0 ], [ -118.089145905085999, 34.174323034126999, 0.0 ], [ -118.088849634734004, 34.1743112340788, 0.0 ], [ -118.088567386440999, 34.174220397610398, 0.0 ], [ -118.088290188721004, 34.174087471691202, 0.0 ], [ -118.088106493731004, 34.174138047632702, 0.0 ], [ -118.087685920523001, 34.174087081113001, 0.0 ], [ -118.087561098072996, 34.174046376356898, 0.0 ], [ -118.087554277104999, 34.174046961383397, 0.0 ], [ -118.087547411947, 34.174051555360201, 0.0 ], [ -118.08726832843, 34.174144177098903, 0.0 ], [ -118.086958465430001, 34.174202419098798, 0.0 ], [ -118.086870928712997, 34.174204721349298, 0.0 ], [ -118.086812138466001, 34.174238682989397, 0.0 ], [ -118.086493676589001, 34.174311394437503, 0.0 ], [ -118.086167935152005, 34.174286951895397, 0.0 ], [ -118.085940154151999, 34.1742349188955, 0.0 ], [ -118.085861175152999, 34.174206046302601, 0.0 ], [ -118.085642605928001, 34.1742220956503, 0.0 ], [ -118.085285379956005, 34.174124603856903, 0.0 ], [ -118.085155533955998, 34.1740640628569, 0.0 ], [ -118.084887670032998, 34.1738872889253, 0.0 ], [ -118.084682547222002, 34.173640459557497, 0.0 ], [ -118.084557778608996, 34.173344769014498, 0.0 ], [ -118.084524077579005, 34.173025607073299, 0.0 ], [ -118.084584337907998, 34.172710378906899, 0.0 ], [ -118.084733385278, 34.1724261519105, 0.0 ], [ -118.084989282278002, 34.172075194910597, 0.0 ], [ -118.085107353886002, 34.171938535999097, 0.0 ], [ -118.085209368069997, 34.171838482430203, 0.0 ], [ -118.085222302751006, 34.171616295944197, 0.0 ], [ -118.085346013887005, 34.171298273293502, 0.0 ], [ -118.085561595504998, 34.171033759744098, 0.0 ], [ -118.085848120538003, 34.170848432311402, 0.0 ], [ -118.085948399908006, 34.170821617172997, 0.0 ], [ -118.085934965600003, 34.170791103773198, 0.0 ], [ -118.085521884212994, 34.170252563510601, 0.0 ], [ -118.085389792472995, 34.170030165138598, 0.0 ], [ -118.085198531708997, 34.169599090939499, 0.0 ], [ -118.084605008601997, 34.169054460292898, 0.0 ], [ -118.084208957927999, 34.168740250677303, 0.0 ], [ -118.083958120296003, 34.168458232916301, 0.0 ], [ -118.083926303856003, 34.168406776520499, 0.0 ], [ -118.083745021978999, 34.1683018546074, 0.0 ], [ -118.083467451074995, 34.168072917248999, 0.0 ], [ -118.083234440075003, 34.167805156249003, 0.0 ], [ -118.083188811916003, 34.167749089439702, 0.0 ], [ -118.082839931915998, 34.167290258439699, 0.0 ], [ -118.082741820465003, 34.167136024312398, 0.0 ], [ -118.082526136073994, 34.166724759125501, 0.0 ], [ -118.082280007234999, 34.1663308629158, 0.0 ], [ -118.081985943879005, 34.165880446174398, 0.0 ], [ -118.081836726806998, 34.165531772104302, 0.0 ], [ -118.081738966249006, 34.165114911184503, 0.0 ], [ -118.081685983566999, 34.164983735722899, 0.0 ], [ -118.081648805556, 34.1649236801562, 0.0 ], [ -118.081588682028993, 34.164878339198303, 0.0 ], [ -118.081365422344007, 34.164763623323999, 0.0 ], [ -118.081097722577994, 34.164570061321598, 0.0 ], [ -118.080899914691003, 34.164305483443599, 0.0 ], [ -118.080789994403005, 34.1639939598588, 0.0 ], [ -118.080734447403003, 34.163701700858901, 0.0 ], [ -118.080733564811993, 34.163697001225898, 0.0 ], [ -118.080655283812007, 34.163275094225902, 0.0 ], [ -118.080640163100995, 34.163159709645797, 0.0 ], [ -118.080617419101003, 34.162865502645801, 0.0 ], [ -118.080615083487004, 34.162826028557497, 0.0 ], [ -118.080610069935005, 34.162703952656102, 0.0 ], [ -118.080473037285998, 34.162383687461002, 0.0 ], [ -118.080448394146003, 34.1620169386103, 0.0 ], [ -118.080546479204003, 34.161662691062297, 0.0 ], [ -118.080583347225001, 34.1616096392355, 0.0 ], [ -118.086372766698005, 34.161547885427801, 0.0 ], [ -118.086413846574004, 34.161646038327603, 0.0 ], [ -118.086631822574006, 34.162591886327498, 0.0 ], [ -118.086656461651998, 34.162923253001203, 0.0 ], [ -118.086580597625002, 34.163246758188201, 0.0 ], [ -118.086411213328006, 34.163532625144498, 0.0 ], [ -118.086163899587007, 34.163754541503003, 0.0 ], [ -118.085861420173003, 34.1638920811723, 0.0 ], [ -118.085609484173006, 34.1639630231724, 0.0 ], [ -118.085269394959994, 34.164003168541697, 0.0 ], [ -118.084716975960006, 34.1639813475417, 0.0 ], [ -118.084627638721003, 34.1639741485603, 0.0 ], [ -118.084155393504005, 34.163916565153102, 0.0 ], [ -118.084455704166999, 34.164228876046202, 0.0 ], [ -118.084828922810004, 34.164601794549299, 0.0 ], [ -118.085696676748, 34.165322587688301, 0.0 ], [ -118.085724301420996, 34.165346321091498, 0.0 ], [ -118.086184259465995, 34.165754975163402, 0.0 ], [ -118.086809530886001, 34.166224519426798, 0.0 ], [ -118.087380393238007, 34.166585453491003, 0.0 ], [ -118.087498992261999, 34.166672090259397, 0.0 ], [ -118.087932100531006, 34.167035418445998, 0.0 ], [ -118.088403144607, 34.1673014999675, 0.0 ], [ -118.088676675754002, 34.167520354116597, 0.0 ], [ -118.089062128753994, 34.167946435116598, 0.0 ], [ -118.089249706763994, 34.168234001195401, 0.0 ], [ -118.089348889812001, 34.1684557436364, 0.0 ], [ -118.089531981942997, 34.168477653438899, 0.0 ], [ -118.089587808790995, 34.168495872018497, 0.0 ], [ -118.089637349935998, 34.168485534593003, 0.0 ], [ -118.089955066048006, 34.168274244094, 0.0 ], [ -118.090077560115006, 34.168203734187003, 0.0 ], [ -118.090689047115006, 34.167902500186997, 0.0 ], [ -118.090753088854001, 34.1678734677714, 0.0 ], [ -118.091312769853999, 34.167641102771398, 0.0 ], [ -118.091490539057006, 34.167584502129699, 0.0 ], [ -118.092019950790004, 34.167464462056202, 0.0 ], [ -118.092070859963002, 34.167390943954302, 0.0 ], [ -118.092068185293996, 34.167388286689203, 0.0 ], [ -118.092051660294004, 34.1673686686892, 0.0 ], [ -118.091934149443006, 34.167198971835397, 0.0 ], [ -118.091921972443004, 34.167177267835299, 0.0 ], [ -118.091834730303006, 34.166977395190997, 0.0 ], [ -118.091827273302997, 34.166954262190998, 0.0 ], [ -118.091780468579998, 34.1667328787656, 0.0 ], [ -118.091777957580007, 34.166709021765698, 0.0 ], [ -118.091777957079998, 34.166479740988002, 0.0 ], [ -118.091780468080003, 34.166455882987897, 0.0 ], [ -118.091827277544994, 34.166234481648601, 0.0 ], [ -118.091834734545998, 34.166211349648698, 0.0 ], [ -118.091921961908, 34.166011508942098, 0.0 ], [ -118.091934138908002, 34.165989803942097, 0.0 ], [ -118.092051678016006, 34.165820067271902, 0.0 ], [ -118.092068203015998, 34.165800450271902, 0.0 ], [ -118.092205731812001, 34.165663819168699, 0.0 ], [ -118.092226104811999, 34.165646884168602, 0.0 ], [ -118.092375250844995, 34.165542571925698, 0.0 ], [ -118.092398850845001, 34.165528834925802, 0.0 ], [ -118.092554034393004, 34.165454171690598, 0.0 ], [ -118.092580146393004, 34.165444051690599, 0.0 ], [ -118.092737838399003, 34.1653962310126, 0.0 ], [ -118.092765667398993, 34.165390033012599, 0.0 ], [ -118.092924293438003, 34.165366726857599, 0.0 ], [ -118.092952994437994, 34.165364638857497, 0.0 ], [ -118.092998321764, 34.1653646380148, 0.0 ], [ -118.092976210916007, 34.164557592092997, 0.0 ], [ -118.093289368829005, 34.164557592092997, 0.0 ], [ -118.093289368829005, 34.164418700389497, 0.0 ], [ -118.093291878829007, 34.164394843389601, 0.0 ], [ -118.093338701462002, 34.164173373990799, 0.0 ], [ -118.093346159462001, 34.1641502409908, 0.0 ], [ -118.093433350884993, 34.163950476112603, 0.0 ], [ -118.093445525885002, 34.163928772112499, 0.0 ], [ -118.093563074292007, 34.163759008312397, 0.0 ], [ -118.093579599291999, 34.163739390312401, 0.0 ], [ -118.093717149943004, 34.163602734734297, 0.0 ], [ -118.093737521944007, 34.163585800734403, 0.0 ], [ -118.093886663839001, 34.163481491929097, 0.0 ], [ -118.093910263839007, 34.163467754929002, 0.0 ], [ -118.094065413390993, 34.163393104869002, 0.0 ], [ -118.094091525390994, 34.1633829838689, 0.0 ], [ -118.094168758875995, 34.163359561128097, 0.0 ], [ -118.094198124130003, 34.163292276414303, 0.0 ], [ -118.094210300130001, 34.163270571414301, 0.0 ], [ -118.094327858018005, 34.163100801269799, 0.0 ], [ -118.094344383017997, 34.163081184269899, 0.0 ], [ -118.094351605298996, 34.163074008957899, 0.0 ], [ -118.094355405987997, 34.163056028453497, 0.0 ], [ -118.094362860987999, 34.163032895453398, 0.0 ], [ -118.094450118908, 34.162832959941298, 0.0 ], [ -118.094462295908002, 34.162811254941303, 0.0 ], [ -118.094579835017996, 34.162641518269297, 0.0 ], [ -118.094596360018002, 34.162621901269397, 0.0 ], [ -118.094733848166996, 34.162485303956203, 0.0 ], [ -118.094754219167001, 34.162468368956198, 0.0 ], [ -118.094903435798997, 34.162364005491099, 0.0 ], [ -118.094927035799003, 34.162350269491, 0.0 ], [ -118.095082155390998, 34.162275636868998, 0.0 ], [ -118.095108267390998, 34.162265515869002, 0.0 ], [ -118.095265948648006, 34.162217691980402, 0.0 ], [ -118.095293776648006, 34.162211492980298, 0.0 ], [ -118.095452520408998, 34.1621881715513, 0.0 ], [ -118.095481220408999, 34.162186085551298, 0.0 ], [ -118.095640008838998, 34.162186085351301, 0.0 ], [ -118.095668709839003, 34.162188171351303, 0.0 ], [ -118.095827448199003, 34.1622114911643, 0.0 ], [ -118.095855277199007, 34.162217690164297, 0.0 ], [ -118.096012992967005, 34.162265526085903, 0.0 ], [ -118.096039102966998, 34.162275647085899, 0.0 ], [ -118.096194196202006, 34.162350269491299, 0.0 ], [ -118.096217796201998, 34.162364005491398, 0.0 ], [ -118.096367012832999, 34.162468368956198, 0.0 ], [ -118.096387383833004, 34.162485303956203, 0.0 ], [ -118.096524871981998, 34.162621901269802, 0.0 ], [ -118.096537875229998, 34.162637337560703, 0.0 ], [ -118.096649529944003, 34.162748262295999, 0.0 ], [ -118.096666055943999, 34.162767879295998, 0.0 ], [ -118.096755292544998, 34.162896748116097, 0.0 ], [ -118.097210729148003, 34.162896748116097, 0.0 ], [ -118.097223102900003, 34.164789932169199, 0.0 ], [ -118.097238519786998, 34.164795907977101, 0.0 ], [ -118.097393626195995, 34.164870535487999, 0.0 ], [ -118.097403522744003, 34.1648762956141, 0.0 ], [ -118.098389801588993, 34.164937938041902, 0.0 ], [ -118.098441845647002, 34.165077232430697, 0.0 ], [ -118.100570451696001, 34.165052041826598, 0.0 ], [ -118.100566700089999, 34.165056877229802, 0.0 ], [ -118.100720130297006, 34.165034335103996, 0.0 ], [ -118.100748831296997, 34.165032248103898, 0.0 ], [ -118.100880023589994, 34.165032248103898, 0.0 ], [ -118.100884318300999, 34.165031617103701, 0.0 ], [ -118.100913019301004, 34.165029530103702, 0.0 ], [ -118.101071880698996, 34.165029530103702, 0.0 ], [ -118.101100581699001, 34.165031617103701, 0.0 ], [ -118.101140487487996, 34.165037480103699, 0.0 ], [ -118.101201022699001, 34.165037480103699, 0.0 ], [ -118.101229723699007, 34.165039567103697, 0.0 ], [ -118.101388416042994, 34.165062882347499, 0.0 ], [ -118.101416246043001, 34.165069081347397, 0.0 ], [ -118.101573922789001, 34.165116900799497, 0.0 ], [ -118.101600033788998, 34.165127020799602, 0.0 ], [ -118.101755186719998, 34.165201668777399, 0.0 ], [ -118.101778787719994, 34.165215405777403, 0.0 ], [ -118.101927926734007, 34.165319707842002, 0.0 ], [ -118.101948299734005, 34.165336641841897, 0.0 ], [ -118.102085870709004, 34.165473314314298, 0.0 ], [ -118.102102395708997, 34.1654929323144, 0.0 ], [ -118.102219925333998, 34.165662662634197, 0.0 ], [ -118.102232101333996, 34.165684366634203, 0.0 ], [ -118.102319337854993, 34.1658842466313, 0.0 ], [ -118.102326793854999, 34.1659073796313, 0.0 ], [ -118.102346990233002, 34.1660029066988, 0.0 ], [ -118.102827170992995, 34.1660029066988, 0.0 ], [ -118.102852527389999, 34.167017162562601, 0.0 ], [ -118.102781634465998, 34.167048178216596, 0.0 ], [ -118.102792228287001, 34.167045927502997, 0.0 ], [ -118.102797167579993, 34.167044946364101, 0.0 ], [ -118.102825588103002, 34.167039689735198, 0.0 ], [ -118.102830562207004, 34.167038837447897, 0.0 ], [ -118.102858997726003, 34.167034349011601, 0.0 ], [ -118.102864001731007, 34.167033626417101, 0.0 ], [ -118.102892448692003, 34.167029898258299, 0.0 ], [ -118.102897477659994, 34.167029306069701, 0.0 ], [ -118.102925933148001, 34.1670263315536, 0.0 ], [ -118.102930982117002, 34.167025870355303, 0.0 ], [ -118.102959443716003, 34.167023644151797, 0.0 ], [ -118.102964507701003, 34.167023314399003, 0.0 ], [ -118.102992973385994, 34.167021832497397, 0.0 ], [ -118.102998047392006, 34.1670216345155, 0.0 ], [ -118.103026515417994, 34.167020894235598, 0.0 ], [ -118.103031594436004, 34.167020828219897, 0.0 ], [ -118.103060063224007, 34.167020828219897, 0.0 ], [ -118.103065142242002, 34.167020894235598, 0.0 ], [ -118.103093610268004, 34.1670216345155, 0.0 ], [ -118.103098684272993, 34.167021832497397, 0.0 ], [ -118.103127149958993, 34.167023314399003, 0.0 ], [ -118.103132213945003, 34.167023644151797, 0.0 ], [ -118.103160675542995, 34.167025870355197, 0.0 ], [ -118.103165724511001, 34.167026331553501, 0.0 ], [ -118.10319418, 34.1670293060698, 0.0 ], [ -118.103199208967993, 34.167029898258399, 0.0 ], [ -118.103227655927995, 34.167033626417101, 0.0 ], [ -118.103232659933994, 34.167034349011601, 0.0 ], [ -118.103261095453007, 34.167038837447897, 0.0 ], [ -118.103266069556, 34.167039689735198, 0.0 ], [ -118.103294490078994, 34.167044946363902, 0.0 ], [ -118.103299429372001, 34.167045927502798, 0.0 ], [ -118.103327830604002, 34.167051961495801, 0.0 ], [ -118.103332730212998, 34.167053070518101, 0.0 ], [ -118.103361107005, 34.167059892273898, 0.0 ], [ -118.103365962092994, 34.167061128085201, 0.0 ], [ -118.103394308269998, 34.167068749179101, 0.0 ], [ -118.103399114046994, 34.1670701105596, 0.0 ], [ -118.103427422324003, 34.167078543706097, 0.0 ], [ -118.103432174047001, 34.167080029312402, 0.0 ], [ -118.103460435870005, 34.167089288302599, 0.0 ], [ -118.103465128848995, 34.167090896668597, 0.0 ], [ -118.103493334251993, 34.167100996298302, 0.0 ], [ -118.103497963856, 34.167102725836699, 0.0 ], [ -118.103526101327006, 34.167113681830202, 0.0 ], [ -118.103530662988007, 34.167115530834103, 0.0 ], [ -118.103558719315004, 34.167127359744597, 0.0 ], [ -118.103563208531, 34.167129326389301, 0.0 ], [ -118.103591168666, 34.167142045493598, 0.0 ], [ -118.103595581004996, 34.167144127838299, 0.0 ], [ -118.103623427887996, 34.167157754999103, 0.0 ], [ -118.103627758997007, 34.167159950988697, 0.0 ], [ -118.103655473437996, 34.167174504521299, 0.0 ], [ -118.103659719042994, 34.167176811988597, 0.0 ], [ -118.103687279549007, 34.167192310482598, 0.0 ], [ -118.103691435458998, 34.167194727150402, 0.0 ], [ -118.103718818079997, 34.167211189272699, 0.0 ], [ -118.103722880193004, 34.167213712756002, 0.0 ], [ -118.103750058425007, 34.167231157061401, 0.0 ], [ -118.103754022733995, 34.1672337848699, 0.0 ], [ -118.103780967337997, 34.167252229530902, 0.0 ], [ -118.103784829930007, 34.1672549590713, 0.0 ], [ -118.103811508852999, 34.167274421633998, 0.0 ], [ -118.103815265915998, 34.1672772502125, 0.0 ], [ -118.103841644165996, 34.167297747289403, 0.0 ], [ -118.103845291992002, 34.1673006721145, 0.0 ], [ -118.103871331568001, 34.1673222190636, 0.0 ], [ -118.103874866557007, 34.167325237248903, 0.0 ], [ -118.103900526396004, 34.167347847832602, 0.0 ], [ -118.103903945059997, 34.167350956399403, 0.0 ], [ -118.103929181021996, 34.167374642411303, 0.0 ], [ -118.103932479986995, 34.167377838291898, 0.0 ], [ -118.103957244840998, 34.167402609134101, 0.0 ], [ -118.103960420850996, 34.167405889174503, 0.0 ], [ -118.103984664367005, 34.167431751469699, 0.0 ], [ -118.103987714287996, 34.167435112432898, 0.0 ], [ -118.104011383322998, 34.167462069571002, 0.0 ], [ -118.104014304144997, 34.167465508140097, 0.0 ], [ -118.104037342810003, 34.167493559837801, 0.0 ], [ -118.104040131651004, 34.167497072619497, 0.0 ], [ -118.104062481517005, 34.167526214453702, 0.0 ], [ -118.104065135623003, 34.167529797981203, 0.0 ], [ -118.104086736037999, 34.167560020990301, 0.0 ], [ -118.104089252791994, 34.167563671727002, 0.0 ], [ -118.104110041178004, 34.167594961908399, 0.0 ], [ -118.104112418094999, 34.167598676251401, 0.0 ], [ -118.104132330422999, 34.167631014226799, 0.0 ], [ -118.104134565156997, 34.167634788510703, 0.0 ], [ -118.104153536400005, 34.167668149118803, 0.0 ], [ -118.104155626747001, 34.167671979618703, 0.0 ], [ -118.104173591451996, 34.167706331615697, 0.0 ], [ -118.104175535348006, 34.167710214551398, 0.0 ], [ -118.104192428248993, 34.1677455203479, 0.0 ], [ -118.104194223776005, 34.167749451887403, 0.0 ], [ -118.104209980470998, 34.167785667372698, 0.0 ], [ -118.104211625855996, 34.167789643635999, 0.0 ], [ -118.104226183544, 34.167826718123102, 0.0 ], [ -118.104227677164999, 34.167830735186101, 0.0 ], [ -118.104240975382993, 34.167868611376399, 0.0 ], [ -118.104242315763997, 34.1678726652747, 0.0 ], [ -118.104254297183004, 34.167911279426598, 0.0 ], [ -118.104255483002007, 34.167915366159598, 0.0 ], [ -118.104266094202998, 34.167954648313902, 0.0 ], [ -118.104267124290999, 34.167958763848397, 0.0 ], [ -118.104276316528001, 34.167998638180698, 0.0 ], [ -118.104277189865996, 34.168002778455197, 0.0 ], [ -118.104284919804996, 34.168043163793399, 0.0 ], [ -118.104285635533003, 34.168047324721897, 0.0 ], [ -118.10429186591, 34.1680881350769, 0.0 ], [ -118.104292423321994, 34.168092312553, 0.0 ], [ -118.104297123563995, 34.168133457928199, 0.0 ], [ -118.104297522107998, 34.168137647829496, 0.0 ], [ -118.104300668811007, 34.168179034883799, 0.0 ], [ -118.104300908094999, 34.168183233075098, 0.0 ], [ -118.104302485437998, 34.168224766125803, 0.0 ], [ -118.104302565224998, 34.168228968464199, 0.0 ], [ -118.104302565224998, 34.168270550353697, 0.0 ], [ -118.104302485437998, 34.168274752691801, 0.0 ], [ -118.104300908094999, 34.168316285750798, 0.0 ], [ -118.104300668811007, 34.1683204839415, 0.0 ], [ -118.104297522105995, 34.168361871012102, 0.0 ], [ -118.104297123560997, 34.168366060912298, 0.0 ], [ -118.104292423315002, 34.168407206311002, 0.0 ], [ -118.104291865904003, 34.168411383785802, 0.0 ], [ -118.104285635519005, 34.168452194172303, 0.0 ], [ -118.104284919790999, 34.168456355098897, 0.0 ], [ -118.104277189841994, 34.168496740474197, 0.0 ], [ -118.104276316503004, 34.1685008807464, 0.0 ], [ -118.104267124250995, 34.168540755121697, 0.0 ], [ -118.104266094162995, 34.168544870653498, 0.0 ], [ -118.104255482941994, 34.168584152856099, 0.0 ], [ -118.104254297121997, 34.1685882395861, 0.0 ], [ -118.104242315677993, 34.168626853788098, 0.0 ], [ -118.104240975297003, 34.168630907683102, 0.0 ], [ -118.104227677048996, 34.168668783926201, 0.0 ], [ -118.104226183427997, 34.168672800985497, 0.0 ], [ -118.104211625703996, 34.168709875528002, 0.0 ], [ -118.104209980318998, 34.168713851787103, 0.0 ], [ -118.104194223582994, 34.168750067326997, 0.0 ], [ -118.104192428055995, 34.168753998862002, 0.0 ], [ -118.104175535110002, 34.168789304711602, 0.0 ], [ -118.104173591214007, 34.1687931876425, 0.0 ], [ -118.104155626459004, 34.1688275396926, 0.0 ], [ -118.104153536111994, 34.168831370187398, 0.0 ], [ -118.104134564817002, 34.168864730843303, 0.0 ], [ -118.104132330081995, 34.1688685051219, 0.0 ], [ -118.104112417696996, 34.168900843143398, 0.0 ], [ -118.10411004078, 34.168904557481, 0.0 ], [ -118.104089252335001, 34.1689358477024, 0.0 ], [ -118.104086735582001, 34.168939498433403, 0.0 ], [ -118.104065135107007, 34.168969721478497, 0.0 ], [ -118.104062481, 34.168973305, 0.0 ], [ -118.104040131074001, 34.169002446863097, 0.0 ], [ -118.104037342233994, 34.169005959638604, 0.0 ], [ -118.104014303507995, 34.169034011360303, 0.0 ], [ -118.104011382685997, 34.169037449923202, 0.0 ], [ -118.103987713592005, 34.169064407077698, 0.0 ], [ -118.103984663671, 34.169067768034601, 0.0 ], [ -118.103960420096001, 34.1690936303429, 0.0 ], [ -118.103957244084995, 34.169096910376801, 0.0 ], [ -118.103932479178994, 34.169121681221903, 0.0 ], [ -118.103929180213001, 34.169124877096003, 0.0 ], [ -118.103903944199999, 34.169148563106802, 0.0 ], [ -118.103900525536005, 34.169151671667002, 0.0 ], [ -118.103874865649999, 34.169174282243198, 0.0 ], [ -118.103871330659999, 34.169177300421801, 0.0 ], [ -118.103845291043001, 34.169198847357499, 0.0 ], [ -118.103841643216995, 34.169201772175903, 0.0 ], [ -118.103815264930006, 34.169222269233501, 0.0 ], [ -118.103811507866993, 34.169225097805302, 0.0 ], [ -118.103784828913007, 34.169244560345099, 0.0 ], [ -118.103780966320997, 34.169247289878903, 0.0 ], [ -118.103754021694996, 34.1692657345097, 0.0 ], [ -118.103750057385994, 34.169268362311698, 0.0 ], [ -118.103722879136996, 34.169285806584902, 0.0 ], [ -118.103718817022994, 34.169288330061903, 0.0 ], [ -118.103691434390001, 34.1693047921488, 0.0 ], [ -118.103687278481004, 34.169307208810302, 0.0 ], [ -118.103659717973002, 34.1693227072643, 0.0 ], [ -118.103655472368999, 34.169325014725501, 0.0 ], [ -118.103627757932998, 34.169339568216699, 0.0 ], [ -118.103623426824001, 34.169341764200297, 0.0 ], [ -118.103595579952, 34.169355391318298, 0.0 ], [ -118.103591167613004, 34.1693574736572, 0.0 ], [ -118.103563207498993, 34.1693701927164, 0.0 ], [ -118.103558718284006, 34.169372159355603, 0.0 ], [ -118.103530661982006, 34.169383988222201, 0.0 ], [ -118.103526100321005, 34.169385837220901, 0.0 ], [ -118.103497962882997, 34.169396793169902, 0.0 ], [ -118.103493333279005, 34.169398522703297, 0.0 ], [ -118.103465127918994, 34.1694086222886, 0.0 ], [ -118.103460434938995, 34.169410230649902, 0.0 ], [ -118.103432173165004, 34.169419489596699, 0.0 ], [ -118.103427421442007, 34.169420975198598, 0.0 ], [ -118.103399113215005, 34.169429408305199, 0.0 ], [ -118.103394307437995, 34.169430769681703, 0.0 ], [ -118.103365961326006, 34.169438390735102, 0.0 ], [ -118.103361106237998, 34.169439626542598, 0.0 ], [ -118.103332729512999, 34.169446448261603, 0.0 ], [ -118.103327829904003, 34.169447557280499, 0.0 ], [ -118.103299428735994, 34.169453591241499, 0.0 ], [ -118.103294489442007, 34.169454572377397, 0.0 ], [ -118.103266068999005, 34.169459828975199, 0.0 ], [ -118.103261094895998, 34.1694606812598, 0.0 ], [ -118.103232659457007, 34.169465169669401, 0.0 ], [ -118.103227655452002, 34.169465892261698, 0.0 ], [ -118.103199208570004, 34.169469620398502, 0.0 ], [ -118.103194179601999, 34.169470212585303, 0.0 ], [ -118.103165724202, 34.169473187082801, 0.0 ], [ -118.103160675233994, 34.169473648279599, 0.0 ], [ -118.103132213720002, 34.169475874469398, 0.0 ], [ -118.103127149735002, 34.169476204221198, 0.0 ], [ -118.103098684136995, 34.169477686113503, 0.0 ], [ -118.103093610132007, 34.169477884094803, 0.0 ], [ -118.103065142199, 34.169478624369901, 0.0 ], [ -118.103060063181005, 34.169478690385397, 0.0 ], [ -118.103031594479006, 34.169478690385397, 0.0 ], [ -118.103026515460996, 34.169478624369901, 0.0 ], [ -118.102998047528004, 34.169477884094803, 0.0 ], [ -118.102992973522007, 34.169477686113503, 0.0 ], [ -118.102964507926004, 34.169476204221297, 0.0 ], [ -118.102959443939994, 34.169475874469398, 0.0 ], [ -118.102930982426003, 34.169473648279599, 0.0 ], [ -118.102925933457001, 34.169473187082801, 0.0 ], [ -118.102897478057997, 34.169470212585303, 0.0 ], [ -118.102892449090007, 34.169469620398601, 0.0 ], [ -118.102864002207994, 34.169465892261698, 0.0 ], [ -118.102858998203004, 34.169465169669401, 0.0 ], [ -118.102830562763998, 34.1694606812598, 0.0 ], [ -118.102825588661005, 34.169459828975199, 0.0 ], [ -118.102797168216, 34.169454572377099, 0.0 ], [ -118.102792228922993, 34.169453591241201, 0.0 ], [ -118.102781805025998, 34.1694513766356, 0.0 ], [ -118.101311298425003, 34.1694513766356, 0.0 ], [ -118.101333020165995, 34.169554089831699, 0.0 ], [ -118.101335532166004, 34.169577947831698, 0.0 ], [ -118.101335526910006, 34.169807364077698, 0.0 ], [ -118.101333013909993, 34.1698312210778, 0.0 ], [ -118.101286214455001, 34.170052527349696, 0.0 ], [ -118.101278757455006, 34.1700756593496, 0.0 ], [ -118.101191548870005, 34.170275466585203, 0.0 ], [ -118.101179372870007, 34.170297171585197, 0.0 ], [ -118.101061832705, 34.170466920690302, 0.0 ], [ -118.101045307704993, 34.170486538690199, 0.0 ], [ -118.100907716416998, 34.170623228045201, 0.0 ], [ -118.100887342416996, 34.170640162045302, 0.0 ], [ -118.100738206280994, 34.170744457373097, 0.0 ], [ -118.100714604280995, 34.170758194373001, 0.0 ], [ -118.100559476431002, 34.170832829238798, 0.0 ], [ -118.100533363430998, 34.1708429502388, 0.0 ], [ -118.100375642453002, 34.170890780802097, 0.0 ], [ -118.100347812452995, 34.170896978802197, 0.0 ], [ -118.100189151193007, 34.170920286296798, 0.0 ], [ -118.100160448192995, 34.170922373296797, 0.0 ], [ -118.100001597806994, 34.170922373296797, 0.0 ], [ -118.099972894806996, 34.170920286296798, 0.0 ], [ -118.099814233546994, 34.170896978802297, 0.0 ], [ -118.099786403547, 34.170890780802203, 0.0 ], [ -118.099724277920998, 34.170871940545702, 0.0 ], [ -118.099693335428, 34.1709166256502, 0.0 ], [ -118.099676810427994, 34.1709362446502, 0.0 ], [ -118.099539201415993, 34.171072955045702, 0.0 ], [ -118.099518827416006, 34.171089889045803, 0.0 ], [ -118.099369678759004, 34.171194191661101, 0.0 ], [ -118.099346077758995, 34.171207927661001, 0.0 ], [ -118.099292210957998, 34.171233843103998, 0.0 ], [ -118.099302462755006, 34.171262914906201, 0.0 ], [ -118.099324929923, 34.171545701046902, 0.0 ], [ -118.099293215922998, 34.172172087047002, 0.0 ], [ -118.099268545544007, 34.172354254155699, 0.0 ], [ -118.099150872544001, 34.172883881155599, 0.0 ], [ -118.099103841898, 34.173039759404901, 0.0 ], [ -118.098900252898005, 34.173568690404998, 0.0 ], [ -118.098832733400002, 34.173709802925401, 0.0 ], [ -118.098836204326005, 34.1737279356811, 0.0 ], [ -118.098836920053998, 34.173732096329402, 0.0 ], [ -118.098843151241994, 34.173772909245301, 0.0 ], [ -118.098843708653007, 34.173777086440097, 0.0 ], [ -118.098848409515995, 34.173818234478397, 0.0 ], [ -118.098848808059998, 34.173822424097402, 0.0 ], [ -118.098851955182994, 34.1738638138902, 0.0 ], [ -118.098852194467, 34.173868011798803, 0.0 ], [ -118.098853772021997, 34.173909547634103, 0.0 ], [ -118.098853851808997, 34.173913749689397, 0.0 ], [ -118.098853851808997, 34.173955334378803, 0.0 ], [ -118.098853772021997, 34.173959536433799, 0.0 ], [ -118.098852194467, 34.1740010722772, 0.0 ], [ -118.098851955182994, 34.174005270185098, 0.0 ], [ -118.098848808056999, 34.174046659994602, 0.0 ], [ -118.098848409512996, 34.174050849612598, 0.0 ], [ -118.098845817565007, 34.174073537695797, 0.0 ], [ -118.098874621403994, 34.174077768603603, 0.0 ], [ -118.098902454403998, 34.1740839656036, 0.0 ], [ -118.099060270430002, 34.174131822939401, 0.0 ], [ -118.099086383430006, 34.1741419449394, 0.0 ], [ -118.099241412457999, 34.174216528901397, 0.0 ], [ -118.099265016458006, 34.174230264901503, 0.0 ], [ -118.099414217412999, 34.1743345979514, 0.0 ], [ -118.099434591413001, 34.174351531951302, 0.0 ], [ -118.099572140628993, 34.174488171360998, 0.0 ], [ -118.099588667629007, 34.174507789361002, 0.0 ], [ -118.099706212312, 34.174677521468901, 0.0 ], [ -118.099718390312006, 34.174699226468903, 0.0 ], [ -118.099805636455997, 34.174899100652397, 0.0 ], [ -118.099813093456007, 34.174922232652499, 0.0 ], [ -118.099859902419993, 34.175143629234498, 0.0 ], [ -118.099862413419999, 34.1751674862344, 0.0 ], [ -118.099862414087994, 34.175196682936999, 0.0 ], [ -118.099931720091007, 34.175296759939798, 0.0 ], [ -118.099943897090995, 34.175318464939799, 0.0 ], [ -118.100031124455001, 34.175518305649497, 0.0 ], [ -118.100038581454996, 34.1755414376494, 0.0 ], [ -118.100085386166995, 34.1757627938347, 0.0 ], [ -118.100087898167004, 34.175786651834699, 0.0 ], [ -118.10008790242, 34.176015977764102, 0.0 ], [ -118.100085391419995, 34.176039834764197, 0.0 ], [ -118.100038573538001, 34.176261259010701, 0.0 ], [ -118.100031115538002, 34.176284392010601, 0.0 ], [ -118.099943878312999, 34.176484238530001, 0.0 ], [ -118.099931700312993, 34.176505943530003, 0.0 ], [ -118.099814155629005, 34.176675675639203, 0.0 ], [ -118.099797628629005, 34.176695293639199, 0.0 ], [ -118.099660079415997, 34.176831933045598, 0.0 ], [ -118.099639705415996, 34.176848867045699, 0.0 ], [ -118.099490474495994, 34.176953217534098, 0.0 ], [ -118.099466870496002, 34.176966952534102, 0.0 ], [ -118.099336962077004, 34.177029447488401, 0.0 ], [ -118.099269765098995, 34.177238089801101, 0.0 ], [ -118.099239407987, 34.177843817530999, 0.0 ], [ -118.099255511230993, 34.178376685067803, 0.0 ], [ -118.099158031599003, 34.178862560853297, 0.0 ], [ -118.099149901820994, 34.178880466353199, 0.0 ], [ -118.099167579625004, 34.179098281305102, 0.0 ], [ -118.099140157625001, 34.179641003305001, 0.0 ], [ -118.099072367470995, 34.179968830895703, 0.0 ], [ -118.098908719289994, 34.180260868062703, 0.0 ], [ -118.098632970289998, 34.180613105062797, 0.0 ], [ -118.098520109801001, 34.180736551786502, 0.0 ], [ -118.098438015043996, 34.180813605495501, 0.0 ], [ -118.099105023396007, 34.181503546524702, 0.0 ], [ -118.099121138068, 34.1815205762883, 0.0 ], [ -118.100038957836006, 34.1825115497521, 0.0 ], [ -118.100496687081005, 34.182894398221698, 0.0 ], [ -118.100549190099002, 34.182842247605798, 0.0 ], [ -118.100569567099001, 34.1828253126058, 0.0 ], [ -118.100718736456002, 34.1827210070416, 0.0 ], [ -118.100742342456002, 34.182707270041597, 0.0 ], [ -118.100897474095007, 34.182632647266999, 0.0 ], [ -118.100923590094993, 34.182622527267, 0.0 ], [ -118.101080602970995, 34.182574921536201, 0.0 ], [ -118.101081324046007, 34.182565439209299, 0.0 ], [ -118.101081722589996, 34.182561250024399, 0.0 ], [ -118.101086424407001, 34.182520097896003, 0.0 ], [ -118.101086981818, 34.182515921133998, 0.0 ], [ -118.101093214254007, 34.182475104268399, 0.0 ], [ -118.101093929982, 34.182470944051303, 0.0 ], [ -118.101101662420007, 34.182430552553299, 0.0 ], [ -118.101102535758997, 34.1824264129867, 0.0 ], [ -118.101111730903995, 34.182386532853201, 0.0 ], [ -118.101112760991995, 34.1823824180223, 0.0 ], [ -118.101123375447997, 34.1823431305329, 0.0 ], [ -118.101124561267, 34.182339044498598, 0.0 ], [ -118.101136546240994, 34.182300425489203, 0.0 ], [ -118.101137886621999, 34.182296372284, 0.0 ], [ -118.101151188638994, 34.182258491746197, 0.0 ], [ -118.101152682258999, 34.182254475370002, 0.0 ], [ -118.101167243923996, 34.182217397090199, 0.0 ], [ -118.101168889310003, 34.182213421506802, 0.0 ], [ -118.101184650107001, 34.182177202781702, 0.0 ], [ -118.101186445633999, 34.182173271914401, 0.0 ], [ -118.101203342694006, 34.182137963458601, 0.0 ], [ -118.101205286590002, 34.182134081186703, 0.0 ], [ -118.101223255456006, 34.182099727103299, 0.0 ], [ -118.101225345803002, 34.1820958972583, 0.0 ], [ -118.101244321153004, 34.182062535129297, 0.0 ], [ -118.101246555887002, 34.182058761490701, 0.0 ], [ -118.101266472220004, 34.182026422537398, 0.0 ], [ -118.101268849137, 34.182022708829301, 0.0 ], [ -118.101289641359998, 34.1819914182202, 0.0 ], [ -118.101292158114006, 34.181987768107703, 0.0 ], [ -118.101313762163997, 34.181957545176097, 0.0 ], [ -118.101316416271004, 34.181953962261296, 0.0 ], [ -118.101338769536994, 34.181924820972696, 0.0 ], [ -118.101341558377996, 34.181921308791601, 0.0 ], [ -118.101364600158007, 34.181893258095499, 0.0 ], [ -118.101367520980006, 34.181889820114201, 0.0 ], [ -118.101391192818994, 34.181862864388897, 0.0 ], [ -118.10139424274, 34.181859504000201, 0.0 ], [ -118.101418488731994, 34.181833643483699, 0.0 ], [ -118.101421664742006, 34.181830364004, 0.0 ], [ -118.101446431708993, 34.1818055952807, 0.0 ], [ -118.101449730675, 34.181802399946399, 0.0 ], [ -118.101474968382007, 34.181778716343899, 0.0 ], [ -118.101478387046001, 34.181775608308499, 0.0 ], [ -118.101504048253005, 34.181753000383303, 0.0 ], [ -118.101507583241997, 34.181749982714003, 0.0 ], [ -118.101533623795007, 34.181728438637798, 0.0 ], [ -118.101537271620998, 34.181725514312703, 0.0 ], [ -118.101563650448995, 34.181705020290103, 0.0 ], [ -118.101567407511993, 34.181702192195203, 0.0 ], [ -118.101594086624004, 34.1816827328202, 0.0 ], [ -118.101597949216, 34.181680003746401, 0.0 ], [ -118.101624893627005, 34.1816615623692, 0.0 ], [ -118.101628857936007, 34.181658935009899, 0.0 ], [ -118.101656035586004, 34.181641494058901, 0.0 ], [ -118.101660097700005, 34.181638971006997, 0.0 ], [ -118.10168747937, 34.181622512269499, 0.0 ], [ -118.101691635278996, 34.181620096014797, 0.0 ], [ -118.101719194465005, 34.181604600912003, 0.0 ], [ -118.101723440068994, 34.181602293839198, 0.0 ], [ -118.101751152842994, 34.1815877436688, 0.0 ], [ -118.101755483952005, 34.181585548054699, 0.0 ], [ -118.101783328840995, 34.1815719241986, 0.0 ], [ -118.101787741180004, 34.181569842209903, 0.0 ], [ -118.101815698989995, 34.181557126336997, 0.0 ], [ -118.101820188204996, 34.181555160028502, 0.0 ], [ -118.101848241908002, 34.181543334245703, 0.0 ], [ -118.101852803569003, 34.181541485557901, 0.0 ], [ -118.101880938129, 34.1815305325701, 0.0 ], [ -118.101885567733007, 34.181528803327403, 0.0 ], [ -118.101913769956994, 34.181518706561398, 0.0 ], [ -118.101918462936993, 34.181517098470401, 0.0 ], [ -118.101946721334002, 34.181507842184701, 0.0 ], [ -118.101951473056999, 34.181506356832401, 0.0 ], [ -118.101979777679006, 34.181497926215599, 0.0 ], [ -118.101984583456002, 34.181496565067803, 0.0 ], [ -118.102012925767994, 34.181488946315199, 0.0 ], [ -118.102017780856997, 34.181487710715203, 0.0 ], [ -118.102046153588006, 34.181480891101202, 0.0 ], [ -118.102051053197002, 34.181479782268497, 0.0 ], [ -118.102079450207, 34.181473750203502, 0.0 ], [ -118.102084389501002, 34.1814727692323, 0.0 ], [ -118.102112805646001, 34.181467514311301, 0.0 ], [ -118.102117779750003, 34.181466662169697, 0.0 ], [ -118.102146210761006, 34.181462175211898, 0.0 ], [ -118.102151214765996, 34.181461452740997, 0.0 ], [ -118.102179657110995, 34.181457725824103, 0.0 ], [ -118.102184686078999, 34.1814571337367, 0.0 ], [ -118.102213136860996, 34.181454160220802, 0.0 ], [ -118.102218185829003, 34.181453699101297, 0.0 ], [ -118.102246642653, 34.181451473651798, 0.0 ], [ -118.102251706638995, 34.1814511439553, 0.0 ], [ -118.102280167497, 34.1814496625583, 0.0 ], [ -118.102285241502003, 34.181449464610097, 0.0 ], [ -118.102313704674003, 34.181448724582999, 0.0 ], [ -118.102318783691999, 34.181448658578603, 0.0 ], [ -118.102347247612002, 34.181448658578603, 0.0 ], [ -118.102352326629997, 34.181448724582999, 0.0 ], [ -118.102380789801998, 34.181449464610097, 0.0 ], [ -118.102385863807001, 34.1814496625583, 0.0 ], [ -118.102414324666, 34.1814511439553, 0.0 ], [ -118.102419388651001, 34.181451473651798, 0.0 ], [ -118.102447845474003, 34.181453699101297, 0.0 ], [ -118.102452894441996, 34.181454160220703, 0.0 ], [ -118.102481345225002, 34.181457133736799, 0.0 ], [ -118.102486374193006, 34.181457725824103, 0.0 ], [ -118.102514816538005, 34.181461452740997, 0.0 ], [ -118.102519820542994, 34.181462175211898, 0.0 ], [ -118.102548251553998, 34.181466662169598, 0.0 ], [ -118.102553225657005, 34.181467514311201, 0.0 ], [ -118.102581641805003, 34.181472769232499, 0.0 ], [ -118.102586581097995, 34.1814737502037, 0.0 ], [ -118.102614978106999, 34.181479782268497, 0.0 ], [ -118.102619877715995, 34.181480891101202, 0.0 ], [ -118.102648250445995, 34.181487710714997, 0.0 ], [ -118.102653105534998, 34.181488946315, 0.0 ], [ -118.102681447848994, 34.181496565068002, 0.0 ], [ -118.102686253626004, 34.181497926215798, 0.0 ], [ -118.102714558247001, 34.181506356832401, 0.0 ], [ -118.102719309969999, 34.181507842184701, 0.0 ], [ -118.102747568366993, 34.181517098470401, 0.0 ], [ -118.102752261347007, 34.181518706561398, 0.0 ], [ -118.102780463569005, 34.1815288033266, 0.0 ], [ -118.102785093172997, 34.181530532569298, 0.0 ], [ -118.102813227734998, 34.181541485557901, 0.0 ], [ -118.102817789395999, 34.181543334245703, 0.0 ], [ -118.102845843099004, 34.181555160028502, 0.0 ], [ -118.102850332314006, 34.181557126336997, 0.0 ], [ -118.102878290128004, 34.181569842211701, 0.0 ], [ -118.102882702466999, 34.181571924200298, 0.0 ], [ -118.102910547348998, 34.181585548053299, 0.0 ], [ -118.102914878457995, 34.1815877436675, 0.0 ], [ -118.102942591236001, 34.181602293839902, 0.0 ], [ -118.102946836840005, 34.181604600912699, 0.0 ], [ -118.102974396023001, 34.181620096014001, 0.0 ], [ -118.102978551933006, 34.181622512268703, 0.0 ], [ -118.103005933605999, 34.181638971007899, 0.0 ], [ -118.103009995719006, 34.181641494059903, 0.0 ], [ -118.103037173369998, 34.181658935010901, 0.0 ], [ -118.103041137678005, 34.181661562370202, 0.0 ], [ -118.103068082083993, 34.181680003743203, 0.0 ], [ -118.103071944676003, 34.181682732816903, 0.0 ], [ -118.103098623795006, 34.181702192197598, 0.0 ], [ -118.103102380858004, 34.181705020292497, 0.0 ], [ -118.103128759681994, 34.181725514312703, 0.0 ], [ -118.103132407508994, 34.181728438637798, 0.0 ], [ -118.103158448062004, 34.181749982714003, 0.0 ], [ -118.103161983050995, 34.181753000383303, 0.0 ], [ -118.103187644258, 34.181775608308499, 0.0 ], [ -118.103191062921994, 34.181778716343899, 0.0 ], [ -118.103216300629001, 34.181802399946399, 0.0 ], [ -118.103219599593999, 34.1818055952807, 0.0 ], [ -118.103244366560006, 34.181830364002202, 0.0 ], [ -118.103247542570998, 34.181833643481902, 0.0 ], [ -118.103271788561997, 34.181859503998297, 0.0 ], [ -118.103274838483003, 34.181862864387, 0.0 ], [ -118.103298510325999, 34.181889820116197, 0.0 ], [ -118.103301431147997, 34.181893258097503, 0.0 ], [ -118.103324472927994, 34.181921308793697, 0.0 ], [ -118.103327261768001, 34.1819248209748, 0.0 ], [ -118.103349615032997, 34.181953962261296, 0.0 ], [ -118.103352269140004, 34.181957545176097, 0.0 ], [ -118.103373873186996, 34.1819877681029, 0.0 ], [ -118.103376389939996, 34.181991418215503, 0.0 ], [ -118.103397182169999, 34.182022708834303, 0.0 ], [ -118.103399559086995, 34.1820264225424, 0.0 ], [ -118.103419475416999, 34.182058761490701, 0.0 ], [ -118.103421710150997, 34.182062535129297, 0.0 ], [ -118.103440685498001, 34.1820958972528, 0.0 ], [ -118.103442775844997, 34.182099727097899, 0.0 ], [ -118.103460744713999, 34.182134081186703, 0.0 ], [ -118.103462688609994, 34.182137963458601, 0.0 ], [ -118.103479585673, 34.182173271920398, 0.0 ], [ -118.103481381199003, 34.182177202787699, 0.0 ], [ -118.103497141991994, 34.182213421500599, 0.0 ], [ -118.103498787377006, 34.182217397084102, 0.0 ], [ -118.103513349045997, 34.182254475373199, 0.0 ], [ -118.103514842666002, 34.182258491749401, 0.0 ], [ -118.103528144680993, 34.182296372280703, 0.0 ], [ -118.103529485061998, 34.182300425485899, 0.0 ], [ -118.103541470039005, 34.182339044505298, 0.0 ], [ -118.103542655858007, 34.1823431305396, 0.0 ], [ -118.103553270313, 34.182382418025703, 0.0 ], [ -118.103554300400006, 34.182386532856597, 0.0 ], [ -118.103563495545004, 34.1824264129867, 0.0 ], [ -118.103564368883994, 34.182430552553299, 0.0 ], [ -118.103572101321006, 34.182470944047701, 0.0 ], [ -118.103572817048999, 34.182475104264903, 0.0 ], [ -118.103579049486001, 34.182515921133998, 0.0 ], [ -118.103579606897, 34.182520097896003, 0.0 ], [ -118.103584308712996, 34.182561250017102, 0.0 ], [ -118.103584707257994, 34.182565439202001, 0.0 ], [ -118.103587855027996, 34.182606833216099, 0.0 ], [ -118.103588094312002, 34.182611030689699, 0.0 ], [ -118.103589672192996, 34.182652570816202, 0.0 ], [ -118.103589751979996, 34.182656772436097, 0.0 ], [ -118.103589751979996, 34.182698361418304, 0.0 ], [ -118.103589672192996, 34.182702563037999, 0.0 ], [ -118.103588094310993, 34.182744103172702, 0.0 ], [ -118.103587855027001, 34.182748300645699, 0.0 ], [ -118.103586573081998, 34.182765158559803, 0.0 ], [ -118.103599630313994, 34.1827781284262, 0.0 ], [ -118.103616158313997, 34.1827977474262, 0.0 ], [ -118.103733676995006, 34.182967431220398, 0.0 ], [ -118.103745855995001, 34.182989135220403, 0.0 ], [ -118.103833109378002, 34.183188993173303, 0.0 ], [ -118.103840568378004, 34.183212126173402, 0.0 ], [ -118.103850033778997, 34.183256883684997, 0.0 ], [ -118.103913789355005, 34.183358565635103, 0.0 ], [ -118.103994311484001, 34.183723443287597, 0.0 ], [ -118.103995822013999, 34.183756415452301, 0.0 ], [ -118.104020328863996, 34.183763846041899, 0.0 ], [ -118.104028275223996, 34.183745642690504, 0.0 ], [ -118.104040453224002, 34.183723938690498, 0.0 ], [ -118.104158050482994, 34.183554150452402, 0.0 ], [ -118.104174580483004, 34.183534532452299, 0.0 ], [ -118.104312107230996, 34.183397934171701, 0.0 ], [ -118.104332483231005, 34.183381000171799, 0.0 ], [ -118.104481648453998, 34.183276698043201, 0.0 ], [ -118.104505254453997, 34.183262961043198, 0.0 ], [ -118.104660378445004, 34.183188341231201, 0.0 ], [ -118.104686496444998, 34.183178220231099, 0.0 ], [ -118.104844192301002, 34.183130406122402, 0.0 ], [ -118.104861701863001, 34.183126507280498, 0.0 ], [ -118.104890660704996, 34.1829895638284, 0.0 ], [ -118.104898118704995, 34.182966431828497, 0.0 ], [ -118.104985370467006, 34.1827665650003, 0.0 ], [ -118.104997549467001, 34.182744860000298, 0.0 ], [ -118.105021340470003, 34.182710510675697, 0.0 ], [ -118.105047156246997, 34.182651377532402, 0.0 ], [ -118.105059336246995, 34.1826296725324, 0.0 ], [ -118.105176882132, 34.182459961352698, 0.0 ], [ -118.105193410132003, 34.182440344352599, 0.0 ], [ -118.105330981551006, 34.182303700284798, 0.0 ], [ -118.105351358551005, 34.182286766284903, 0.0 ], [ -118.105500498542, 34.182182483901698, 0.0 ], [ -118.105524102542006, 34.182168747901599, 0.0 ], [ -118.105679184278003, 34.182094143510199, 0.0 ], [ -118.105705301277993, 34.1820840215102, 0.0 ], [ -118.105863044301998, 34.1820361891223, 0.0 ], [ -118.105890879301995, 34.182029991122398, 0.0 ], [ -118.106049510816007, 34.182006691902998, 0.0 ], [ -118.106078217816005, 34.182004604903, 0.0 ], [ -118.106237043432998, 34.182004604702897, 0.0 ], [ -118.106265751432005, 34.182006691702902, 0.0 ], [ -118.106424385698006, 34.182029991122299, 0.0 ], [ -118.106452220698003, 34.182036189122201, 0.0 ], [ -118.106609942901002, 34.1820840134409, 0.0 ], [ -118.106636058901003, 34.182094134440902, 0.0 ], [ -118.106791156548994, 34.182168744044901, 0.0 ], [ -118.106814762549007, 34.182182481044997, 0.0 ], [ -118.106963927769002, 34.182286783172103, 0.0 ], [ -118.106984303768996, 34.182303717171997, 0.0 ], [ -118.107121851553003, 34.1824403404189, 0.0 ], [ -118.107138380552996, 34.182459958418903, 0.0 ], [ -118.107255937996001, 34.182629688222697, 0.0 ], [ -118.107268116995996, 34.182651392222802, 0.0 ], [ -118.107355370376993, 34.182851250172099, 0.0 ], [ -118.107362829376996, 34.182874383172098, 0.0 ], [ -118.107409660420004, 34.183095848233798, 0.0 ], [ -118.107412171419995, 34.1831197052337, 0.0 ], [ -118.107412167166004, 34.183349031167502, 0.0 ], [ -118.107409655165995, 34.1833728891676, 0.0 ], [ -118.107362837295, 34.183594286170901, 0.0 ], [ -118.107355379295001, 34.183617418170797, 0.0 ], [ -118.107268146313004, 34.183817251530002, 0.0 ], [ -118.107255968312998, 34.183838956530003, 0.0 ], [ -118.107232168571997, 34.183873319755797, 0.0 ], [ -118.107206360532004, 34.183932438001101, 0.0 ], [ -118.107194181531995, 34.183954143001003, 0.0 ], [ -118.107076595829, 34.184123912617601, 0.0 ], [ -118.107060066829007, 34.1841435296176, 0.0 ], [ -118.106922561220003, 34.184280111507498, 0.0 ], [ -118.106902185219994, 34.184297046507403, 0.0 ], [ -118.106777947851995, 34.184383919570998, 0.0 ], [ -118.106779895295006, 34.184389959829304, 0.0 ], [ -118.106826717920001, 34.184611401985897, 0.0 ], [ -118.106829228920006, 34.184635259986003, 0.0 ], [ -118.106829228419002, 34.184864540767599, 0.0 ], [ -118.106826717418997, 34.184888397767601, 0.0 ], [ -118.106779895296, 34.185109835168497, 0.0 ], [ -118.106772437296001, 34.185132967168599, 0.0 ], [ -118.106685185534005, 34.185332833998899, 0.0 ], [ -118.106673006533995, 34.185354538998901, 0.0 ], [ -118.106555459590993, 34.1855242626117, 0.0 ], [ -118.106538931591004, 34.185543880611696, 0.0 ], [ -118.106401342449004, 34.1856805457153, 0.0 ], [ -118.106397670508002, 34.185683597226799, 0.0 ], [ -118.106402155295996, 34.185700196207797, 0.0 ], [ -118.106403185383996, 34.185704310876901, 0.0 ], [ -118.106412381195994, 34.185744192337403, 0.0 ], [ -118.106413254534999, 34.185748331741301, 0.0 ], [ -118.106420987549001, 34.185788724655403, 0.0 ], [ -118.106421703276993, 34.185792884709002, 0.0 ], [ -118.106427936187004, 34.185833703073101, 0.0 ], [ -118.106428493598003, 34.185837879670899, 0.0 ], [ -118.106433195777001, 34.185879033354801, 0.0 ], [ -118.106433594321004, 34.185883222374997, 0.0 ], [ -118.106436742336001, 34.185924617981001, 0.0 ], [ -118.106436981620007, 34.1859288152895, 0.0 ], [ -118.106438559625005, 34.185970357034797, 0.0 ], [ -118.106438639412005, 34.185974558489498, 0.0 ], [ -118.106438639412005, 34.186016149121699, 0.0 ], [ -118.106438559625005, 34.186020350576101, 0.0 ], [ -118.106436981620007, 34.186061892329398, 0.0 ], [ -118.106436742336001, 34.186066089637301, 0.0 ], [ -118.106433594319, 34.186107485259903, 0.0 ], [ -118.106433195774002, 34.186111674278997, 0.0 ], [ -118.106428493590997, 34.186152827987002, 0.0 ], [ -118.106427936179998, 34.186157004583301, 0.0 ], [ -118.106421703262995, 34.186197822978201, 0.0 ], [ -118.106420987535003, 34.186201983029903, 0.0 ], [ -118.106413254510002, 34.186242375981699, 0.0 ], [ -118.106412381170998, 34.186246515383303, 0.0 ], [ -118.106403185342998, 34.186286396886899, 0.0 ], [ -118.106402155256006, 34.186290511553302, 0.0 ], [ -118.106391540030003, 34.186329800322198, 0.0 ], [ -118.106390354211001, 34.186333886192799, 0.0 ], [ -118.106378368394004, 34.186372506370802, 0.0 ], [ -118.106377028012005, 34.186376559413297, 0.0 ], [ -118.106363725090006, 34.1864144410062, 0.0 ], [ -118.106362231470001, 34.186418457220697, 0.0 ], [ -118.106347668853999, 34.186455536426799, 0.0 ], [ -118.106346023469001, 34.186459511849797, 0.0 ], [ -118.106330261688001, 34.186495731372901, 0.0 ], [ -118.106328466161003, 34.186499662081197, 0.0 ], [ -118.106311568097993, 34.186534971203798, 0.0 ], [ -118.106309624201998, 34.186538853318197, 0.0 ], [ -118.106291654328999, 34.186573207932902, 0.0 ], [ -118.106289563982003, 34.1865770376223, 0.0 ], [ -118.106270587634, 34.186610400151302, 0.0 ], [ -118.106268352898994, 34.186614173636201, 0.0 ], [ -118.106248435590999, 34.186646512856498, 0.0 ], [ -118.106246058672994, 34.186650226413001, 0.0 ], [ -118.106225265508002, 34.186681517162903, 0.0 ], [ -118.106222748754007, 34.1866851671261, 0.0 ], [ -118.106201143806999, 34.186715390075598, 0.0 ], [ -118.106198489700006, 34.1867189728436, 0.0 ], [ -118.106176135590999, 34.186748114036199, 0.0 ], [ -118.106173346749998, 34.186751626072997, 0.0 ], [ -118.106150304196007, 34.186779676559503, 0.0 ], [ -118.106147383373994, 34.186783114399297, 0.0 ], [ -118.106123710827006, 34.186810069819899, 0.0 ], [ -118.106120660906001, 34.186813430070004, 0.0 ], [ -118.106096414289993, 34.186839290186001, 0.0 ], [ -118.106093238279996, 34.186842569530199, 0.0 ], [ -118.106068470766999, 34.186867337774601, 0.0 ], [ -118.106065171802001, 34.186870532976599, 0.0 ], [ -118.106039933644993, 34.186894216021301, 0.0 ], [ -118.106036514980005, 34.186897323927901, 0.0 ], [ -118.106010853414006, 34.186919931232097, 0.0 ], [ -118.106007318425, 34.186922948776001, 0.0 ], [ -118.105981277606006, 34.1869444921767, 0.0 ], [ -118.10597762978, 34.1869474163801, 0.0 ], [ -118.105951250778006, 34.186967909684697, 0.0 ], [ -118.105947493716002, 34.186970737661703, 0.0 ], [ -118.105920814529, 34.186990196279801, 0.0 ], [ -118.105916951937004, 34.186992925239601, 0.0 ], [ -118.105890007553, 34.187011365828603, 0.0 ], [ -118.105886043243999, 34.187013993077997, 0.0 ], [ -118.105858865708001, 34.187031433226203, 0.0 ], [ -118.105854803594994, 34.187033956172499, 0.0 ], [ -118.105827422133004, 34.1870504140958, 0.0 ], [ -118.105823266222998, 34.1870528302492, 0.0 ], [ -118.105795707338004, 34.187068324533399, 0.0 ], [ -118.105791461734, 34.1870706315094, 0.0 ], [ -118.105763749347005, 34.187085180865097, 0.0 ], [ -118.105759418239003, 34.187087376386899, 0.0 ], [ -118.105731573826006, 34.187100999437199, 0.0 ], [ -118.105727161486996, 34.1871030813383, 0.0 ], [ -118.105699204228998, 34.187115796425303, 0.0 ], [ -118.105694715013996, 34.1871177626509, 0.0 ], [ -118.105666661940006, 34.187129587669901, 0.0 ], [ -118.105662100279005, 34.187131436279699, 0.0 ], [ -118.105633966423994, 34.187142388531399, 0.0 ], [ -118.105629336819007, 34.187144117701102, 0.0 ], [ -118.105601135368005, 34.187154213764202, 0.0 ], [ -118.105596442388006, 34.1871558217873, 0.0 ], [ -118.105568184828002, 34.187165077407599, 0.0 ], [ -118.105563433105004, 34.1871665626972, 0.0 ], [ -118.105535129377998, 34.187174992690998, 0.0 ], [ -118.105530323599993, 34.187176353781197, 0.0 ], [ -118.105501982237001, 34.187183971956301, 0.0 ], [ -118.105497127147999, 34.187185207503902, 0.0 ], [ -118.105468755415998, 34.187192026588697, 0.0 ], [ -118.105463855807997, 34.1871931353745, 0.0 ], [ -118.105435459836997, 34.187199166963097, 0.0 ], [ -118.105430520542996, 34.187200147892703, 0.0 ], [ -118.105402105482, 34.187205402390298, 0.0 ], [ -118.105397131377998, 34.187206254495699, 0.0 ], [ -118.105368701483997, 34.187210741086901, 0.0 ], [ -118.105363697479007, 34.187211463527198, 0.0 ], [ -118.105335256274998, 34.187215190136399, 0.0 ], [ -118.105330227305998, 34.187215782198599, 0.0 ], [ -118.105301777693001, 34.187218755466098, 0.0 ], [ -118.105296728724994, 34.187219216566, 0.0 ], [ -118.105279652996003, 34.187220551906897, 0.0 ], [ -118.105215571068001, 34.187251375984303, 0.0 ], [ -118.105289267250996, 34.187294879045801, 0.0 ], [ -118.105585544242999, 34.187551112720897, 0.0 ], [ -118.105772708410996, 34.187895213472103, 0.0 ], [ -118.105812022704995, 34.188014497222298, 0.0 ], [ -118.105924500449007, 34.188093138284799, 0.0 ], [ -118.105944877449005, 34.188110072284701, 0.0 ], [ -118.106082403477998, 34.188246662483898, 0.0 ], [ -118.106098934477998, 34.188266280483901, 0.0 ], [ -118.106216533994996, 34.188436060220397, 0.0 ], [ -118.106228712995005, 34.188457764220402, 0.0 ], [ -118.106257350928004, 34.188523360745798, 0.0 ], [ -118.106322913189004, 34.188458245514603, 0.0 ], [ -118.106343292188996, 34.188441311514701, 0.0 ], [ -118.106492426407996, 34.188337042612602, 0.0 ], [ -118.106516032407995, 34.188323306612503, 0.0 ], [ -118.106671139621, 34.188248699125303, 0.0 ], [ -118.106697258620997, 34.188238578125301, 0.0 ], [ -118.106854921003006, 34.188190773642198, 0.0 ], [ -118.106882758002996, 34.1881845746422, 0.0 ], [ -118.107018280868999, 34.188164668745998, 0.0 ], [ -118.107049348920995, 34.188148965145402, 0.0 ], [ -118.107408273057004, 34.188099949655999, 0.0 ], [ -118.107763553102004, 34.188170696690399, 0.0 ], [ -118.108076321737002, 34.1883534665862, 0.0 ], [ -118.108234613365994, 34.188537749304899, 0.0 ], [ -118.109856345484005, 34.188725185680397, 0.0 ], [ -118.110505345484995, 34.188456667240303, 0.0 ], [ -118.110507149854996, 34.188455920928298, 0.0 ], [ -118.110818057526998, 34.188378075144598, 0.0 ], [ -118.110964594278002, 34.1883851659165, 0.0 ], [ -118.110965520620994, 34.188360780172196, 0.0 ], [ -118.110881412992995, 34.188117187722597, 0.0 ], [ -118.110821849421001, 34.187789712813696, 0.0 ], [ -118.110863401973006, 34.187459468933298, 0.0 ], [ -118.111002232931, 34.187156956784797, 0.0 ], [ -118.111497692930996, 34.1864053167847, 0.0 ], [ -118.111760283460995, 34.186127959990699, 0.0 ], [ -118.112009496024996, 34.186003799306498, 0.0 ], [ -118.111989797400994, 34.185873397217101, 0.0 ], [ -118.111990510552005, 34.185541561557002, 0.0 ], [ -118.112090570635004, 34.185225170353498, 0.0 ], [ -118.112269517599998, 34.184969383732003, 0.0 ], [ -118.112218487446, 34.184918696580802, 0.0 ], [ -118.112201958445993, 34.184899078580798, 0.0 ], [ -118.112084390467999, 34.184729330000899, 0.0 ], [ -118.112072211468004, 34.184707625000897, 0.0 ], [ -118.111984968621996, 34.184507785826199, 0.0 ], [ -118.111977509621994, 34.1844846528262, 0.0 ], [ -118.111930678579995, 34.184263187765602, 0.0 ], [ -118.111928167580004, 34.184239330765699, 0.0 ], [ -118.111928172334004, 34.184010000080796, 0.0 ], [ -118.111930684333998, 34.183986143080702, 0.0 ], [ -118.111977497461993, 34.183764763989402, 0.0 ], [ -118.111984955462006, 34.183741630989502, 0.0 ], [ -118.112072222006006, 34.183541732218899, 0.0 ], [ -118.112084401006001, 34.183520028218901, 0.0 ], [ -118.112201958445993, 34.183350298419498, 0.0 ], [ -118.112218487446, 34.183330680419502, 0.0 ], [ -118.112315753070007, 34.183234070903303, 0.0 ], [ -118.112374248131999, 34.183149613353798, 0.0 ], [ -118.112390776130994, 34.1831299963536, 0.0 ], [ -118.112528323098999, 34.1829933726059, 0.0 ], [ -118.112548700098998, 34.182976437605902, 0.0 ], [ -118.112697911937005, 34.182872107322098, 0.0 ], [ -118.112721516937, 34.182858372322102, 0.0 ], [ -118.112876551282, 34.182783795508598, 0.0 ], [ -118.112902668282004, 34.182773673508699, 0.0 ], [ -118.113008658826999, 34.182741534456397, 0.0 ], [ -118.113034011091997, 34.182671605883797, 0.0 ], [ -118.113066088322995, 34.182592820182798, 0.0 ], [ -118.113101674210995, 34.182514295279901, 0.0 ], [ -118.113101832365004, 34.182512632890102, 0.0 ], [ -118.113106534175998, 34.182471480791698, 0.0 ], [ -118.113107091586997, 34.182467304027298, 0.0 ], [ -118.113113324015998, 34.182426487183598, 0.0 ], [ -118.113114039744005, 34.182422326964101, 0.0 ], [ -118.113121772173997, 34.182381935487498, 0.0 ], [ -118.113122645513002, 34.182377795918498, 0.0 ], [ -118.113131840647995, 34.182337915804098, 0.0 ], [ -118.113132870735996, 34.182333800970902, 0.0 ], [ -118.113143485178995, 34.182294513505902, 0.0 ], [ -118.113144670997997, 34.182290427469297, 0.0 ], [ -118.113156655962001, 34.182251808470397, 0.0 ], [ -118.113157996343006, 34.1822477552628, 0.0 ], [ -118.113171298348007, 34.182209874737403, 0.0 ], [ -118.113172791967997, 34.182205858358898, 0.0 ], [ -118.113187353621996, 34.1821687800877, 0.0 ], [ -118.113188999006994, 34.182164804502001, 0.0 ], [ -118.113204759786001, 34.182128585799703, 0.0 ], [ -118.113206555312004, 34.182124654930099, 0.0 ], [ -118.11321616, 34.182104584758797, 0.0 ], [ -118.11321616, 34.181883278, 0.0 ], [ -118.113256356967, 34.1815892803548, 0.0 ], [ -118.113373997281997, 34.1813168630867, 0.0 ], [ -118.113786880282007, 34.180633554086697, 0.0 ], [ -118.113981997229999, 34.180394636537201, 0.0 ], [ -118.114235994759994, 34.1802196009006, 0.0 ], [ -118.114528724858005, 34.180122331643197, 0.0 ], [ -118.114836967105006, 34.180110544517802, 0.0 ], [ -118.115051070784006, 34.180132690820002, 0.0 ], [ -118.115064521801003, 34.1801312849732, 0.0 ], [ -118.115069570770004, 34.180130823846497, 0.0 ], [ -118.115098028033998, 34.180128598327599, 0.0 ], [ -118.115103092018998, 34.180128268626, 0.0 ], [ -118.115131553317994, 34.1801267871829, 0.0 ], [ -118.115136627322997, 34.180126589231598, 0.0 ], [ -118.115165090939001, 34.180125849181401, 0.0 ], [ -118.115170169956002, 34.180125783175903, 0.0 ], [ -118.115198634327001, 34.180125783175903, 0.0 ], [ -118.115203713344002, 34.180125849181302, 0.0 ], [ -118.115232176960006, 34.180126589231598, 0.0 ], [ -118.115237250966004, 34.1801267871829, 0.0 ], [ -118.115265712262996, 34.180128268626, 0.0 ], [ -118.115270776249005, 34.180128598327599, 0.0 ], [ -118.115299233512999, 34.180130823846497, 0.0 ], [ -118.115304282482001, 34.1801312849732, 0.0 ], [ -118.115332733695993, 34.1801342585809, 0.0 ], [ -118.115337762663998, 34.180134850677597, 0.0 ], [ -118.115366205431997, 34.180138577708298, 0.0 ], [ -118.115371209437001, 34.180139300190604, 0.0 ], [ -118.115399640860005, 34.180143787283697, 0.0 ], [ -118.115404614964007, 34.180144639438602, 0.0 ], [ -118.115433031511003, 34.180149894516298, 0.0 ], [ -118.115437970805004, 34.180150875502903, 0.0 ], [ -118.115466368203002, 34.180156907744802, 0.0 ], [ -118.115471267811003, 34.180158016594902, 0.0 ], [ -118.115499640913995, 34.180164836405098, 0.0 ], [ -118.115504496002998, 34.180166072024498, 0.0 ], [ -118.115521070072006, 34.180170428467001, 0.0 ], [ -118.115671593886006, 34.180211254790997, 0.0 ], [ -118.115762933233995, 34.180240376066997, 0.0 ], [ -118.116053116906002, 34.180347096995597, 0.0 ], [ -118.116062870902994, 34.180336960455499, 0.0 ], [ -118.116293418411004, 34.1801543274401, 0.0 ], [ -118.116499208394998, 34.180032290399701, 0.0 ], [ -118.11649920808, 34.179888023986102, 0.0 ], [ -118.116501719080006, 34.179864165986103, 0.0 ], [ -118.116548550622994, 34.179642696171399, 0.0 ], [ -118.116556009622997, 34.179619563171499, 0.0 ], [ -118.116643263005002, 34.1794197052198, 0.0 ], [ -118.116655442004998, 34.179398001219901, 0.0 ], [ -118.116709594401996, 34.179319810840099, 0.0 ], [ -118.116686298334002, 34.179209657922399, 0.0 ], [ -118.116683786333994, 34.179185800922397, 0.0 ], [ -118.116683786333994, 34.178956425078198, 0.0 ], [ -118.116686298334002, 34.178932568078203, 0.0 ], [ -118.116733111461997, 34.178711188991798, 0.0 ], [ -118.116740569461996, 34.178688055991799, 0.0 ], [ -118.116827806687994, 34.178488209468902, 0.0 ], [ -118.116839984687999, 34.178466504468901, 0.0 ], [ -118.116957550408998, 34.178296747389503, 0.0 ], [ -118.116974078409001, 34.1782771293895, 0.0 ], [ -118.117111647230004, 34.1781404811722, 0.0 ], [ -118.117132023229999, 34.178123547172198, 0.0 ], [ -118.117281166108, 34.1780192580472, 0.0 ], [ -118.117296855324, 34.178010127552199, 0.0 ], [ -118.117399444586994, 34.177938390333999, 0.0 ], [ -118.117423048587, 34.177924653334003, 0.0 ], [ -118.117443746559999, 34.177914696544697, 0.0 ], [ -118.117513400587001, 34.177865991333803, 0.0 ], [ -118.117537004587007, 34.1778522543338, 0.0 ], [ -118.117692137103006, 34.1777776244395, 0.0 ], [ -118.117718253103007, 34.177767503439597, 0.0 ], [ -118.117875922403002, 34.177719690902599, 0.0 ], [ -118.117903755403006, 34.177713491902502, 0.0 ], [ -118.118062437066996, 34.177690181102697, 0.0 ], [ -118.118091143067005, 34.177688094102798, 0.0 ], [ -118.118249979685004, 34.177688094302901, 0.0 ], [ -118.118278684684995, 34.1776901813028, 0.0 ], [ -118.118437355447, 34.177713490087498, 0.0 ], [ -118.118465189446994, 34.177719689087603, 0.0 ], [ -118.118622880073005, 34.177767508545699, 0.0 ], [ -118.118648995073002, 34.177777629545602, 0.0 ], [ -118.118804067024001, 34.1778522267564, 0.0 ], [ -118.118827672023997, 34.177865962756499, 0.0 ], [ -118.118976894542996, 34.1779703093843, 0.0 ], [ -118.118997269543001, 34.177987244384298, 0.0 ], [ -118.119134758136994, 34.1781238133089, 0.0 ], [ -118.119151286136997, 34.178143429308797, 0.0 ], [ -118.119268897848997, 34.178313247248703, 0.0 ], [ -118.119281075849003, 34.178334953248701, 0.0 ], [ -118.119368298295001, 34.178534767830897, 0.0 ], [ -118.119375687696007, 34.178557687060803, 0.0 ], [ -118.119449825537998, 34.178727524990002, 0.0 ], [ -118.119457283537997, 34.178750657990001, 0.0 ], [ -118.119504101420006, 34.178972082233997, 0.0 ], [ -118.119506612419997, 34.178995939234099, 0.0 ], [ -118.119506612920006, 34.179225220014402, 0.0 ], [ -118.11950410192, 34.179249078014301, 0.0 ], [ -118.119457279295005, 34.179470520168898, 0.0 ], [ -118.119449821295007, 34.179493652169, 0.0 ], [ -118.119424257711003, 34.179552213240697, 0.0 ], [ -118.119515481649998, 34.179673789646301, 0.0 ], [ -118.119626358581002, 34.179997199522397, 0.0 ], [ -118.119632115280993, 34.1803390394007, 0.0 ], [ -118.119532190797003, 34.180665999244503, 0.0 ], [ -118.119516730797002, 34.180697734244497, 0.0 ], [ -118.119385438467006, 34.180904644724698, 0.0 ], [ -118.119278545466997, 34.181037498724699, 0.0 ], [ -118.118976281833994, 34.181297432451203, 0.0 ], [ -118.118918948883007, 34.181317985413699, 0.0 ], [ -118.118900643827999, 34.181381668236703, 0.0 ], [ -118.118825370828006, 34.1815164092367, 0.0 ], [ -118.118797528510001, 34.181563450800503, 0.0 ], [ -118.118752357510004, 34.1816355998006, 0.0 ], [ -118.118713116527999, 34.181685000918201, 0.0 ], [ -118.118689586789998, 34.181778702785799, 0.0 ], [ -118.118649306001004, 34.182137192152098, 0.0 ], [ -118.118648492247004, 34.182207968087702, 0.0 ], [ -118.118687707654999, 34.1823528577631, 0.0 ], [ -118.118724611058994, 34.182589148524798, 0.0 ], [ -118.118734967791994, 34.182816468424299, 0.0 ], [ -118.118769695675994, 34.183029436646997, 0.0 ], [ -118.118815431060995, 34.1833043100279, 0.0 ], [ -118.118823702661004, 34.183603959188602, 0.0 ], [ -118.118779086974001, 34.183780929862003, 0.0 ], [ -118.119061999113001, 34.184155497027497, 0.0 ], [ -118.119065885946, 34.184153526694701, 0.0 ], [ -118.119093730470993, 34.184139903431401, 0.0 ], [ -118.119098142810003, 34.184137821506098, 0.0 ], [ -118.119126100211005, 34.184125106205997, 0.0 ], [ -118.119130589426007, 34.1841231399573, 0.0 ], [ -118.119158642662001, 34.184111314731403, 0.0 ], [ -118.119163204323002, 34.184109466099898, 0.0 ], [ -118.119191338365994, 34.184098513646497, 0.0 ], [ -118.119195967970001, 34.184096784456401, 0.0 ], [ -118.119224169627003, 34.1840866882008, 0.0 ], [ -118.119228862605993, 34.184085080158802, 0.0 ], [ -118.119257120392007, 34.184075824355098, 0.0 ], [ -118.119261872115004, 34.184074339048003, 0.0 ], [ -118.119290176085997, 34.184065908881401, 0.0 ], [ -118.119294981863007, 34.184064547775101, 0.0 ], [ -118.119323323491997, 34.184056929438199, 0.0 ], [ -118.119328178580005, 34.184055693875898, 0.0 ], [ -118.119356550586005, 34.1840488746438, 0.0 ], [ -118.119361450195001, 34.184047765844902, 0.0 ], [ -118.119389846451, 34.184041734123397, 0.0 ], [ -118.119394785745001, 34.184040753182103, 0.0 ], [ -118.119423201116007, 34.184035498564299, 0.0 ], [ -118.119428175218999, 34.184034646448701, 0.0 ], [ -118.119456605424006, 34.184030159754698, 0.0 ], [ -118.119461609428996, 34.184029437305703, 0.0 ], [ -118.119490050953004, 34.184025710609802, 0.0 ], [ -118.119495079920995, 34.184025118540497, 0.0 ], [ -118.119523529871003, 34.184022145202, 0.0 ], [ -118.119528578838995, 34.184021684096599, 0.0 ], [ -118.119557034807002, 34.184019458781798, 0.0 ], [ -118.119562098792997, 34.184019129095297, 0.0 ], [ -118.119590558791998, 34.184017647787996, 0.0 ], [ -118.119595632797996, 34.184017449845904, 0.0 ], [ -118.119624095104001, 34.184016709863798, 0.0 ], [ -118.119629174121997, 34.184016643861398, 0.0 ], [ -118.119657637177994, 34.184016643861398, 0.0 ], [ -118.119662716196004, 34.184016709863798, 0.0 ], [ -118.119691178501995, 34.184017449845904, 0.0 ], [ -118.119696252506998, 34.184017647787996, 0.0 ], [ -118.119724712506994, 34.184019129095297, 0.0 ], [ -118.119729776493003, 34.184019458781798, 0.0 ], [ -118.119758232460995, 34.184021684096699, 0.0 ], [ -118.119763281429996, 34.1840221452021, 0.0 ], [ -118.119791731378001, 34.184025118540397, 0.0 ], [ -118.119796760346006, 34.184025710609802, 0.0 ], [ -118.119825201870995, 34.184029437305703, 0.0 ], [ -118.119830205875999, 34.184030159754698, 0.0 ], [ -118.119858636081005, 34.184034646448701, 0.0 ], [ -118.119863610185007, 34.184035498564398, 0.0 ], [ -118.119892025553995, 34.184040753181897, 0.0 ], [ -118.119896964847001, 34.184041734123198, 0.0 ], [ -118.119925361105004, 34.184047765844902, 0.0 ], [ -118.119930260714, 34.1840488746438, 0.0 ], [ -118.11995863272, 34.184055693876097, 0.0 ], [ -118.119963487809002, 34.184056929438398, 0.0 ], [ -118.119991829436998, 34.1840645477753, 0.0 ], [ -118.119996635213994, 34.184065908881699, 0.0 ], [ -118.120024939184006, 34.184074339047697, 0.0 ], [ -118.120029690907003, 34.1840758243548, 0.0 ], [ -118.120057948693002, 34.184085080158397, 0.0 ], [ -118.120062641672007, 34.184086688200502, 0.0 ], [ -118.120086389964001, 34.184095132088302, 0.0 ], [ -118.120135812379004, 34.184113347856403, 0.0 ], [ -118.120140624613001, 34.184113222744799, 0.0 ], [ -118.120145703630001, 34.184113156742498, 0.0 ], [ -118.120174166653001, 34.184113156742498, 0.0 ], [ -118.120179245670997, 34.184113222744799, 0.0 ], [ -118.120207707944999, 34.184113962725199, 0.0 ], [ -118.120212781950002, 34.1841141606671, 0.0 ], [ -118.120241241917995, 34.184115641971097, 0.0 ], [ -118.120246305904004, 34.1841159716571, 0.0 ], [ -118.120274761843007, 34.184118196967198, 0.0 ], [ -118.120279810810999, 34.184118658072101, 0.0 ], [ -118.120308260722993, 34.184121631403301, 0.0 ], [ -118.120313289690998, 34.184122223471903, 0.0 ], [ -118.120341731186002, 34.184125950159697, 0.0 ], [ -118.120346735191006, 34.184126672607803, 0.0 ], [ -118.120375165370007, 34.184131159292598, 0.0 ], [ -118.120380139473994, 34.1841320114073, 0.0 ], [ -118.120408554809998, 34.184137266012598, 0.0 ], [ -118.120413494103005, 34.184138246952799, 0.0 ], [ -118.120422507659001, 34.184140161543098, 0.0 ], [ -118.120405836038003, 34.183974616305598, 0.0 ], [ -118.120411237322998, 34.183710645082002, 0.0 ], [ -118.120479652702002, 34.1834556366179, 0.0 ], [ -118.120727382702, 34.182840659617902, 0.0 ], [ -118.120757218394999, 34.182773235844103, 0.0 ], [ -118.120922371394997, 34.182431581844099, 0.0 ], [ -118.121128361084004, 34.182139467176, 0.0 ], [ -118.121417436943005, 34.181929234259698, 0.0 ], [ -118.121758809672997, 34.181823274878802, 0.0 ], [ -118.122115047909006, 34.181774143925701, 0.0 ], [ -118.122480642672002, 34.181622882162799, 0.0 ], [ -118.122759964525002, 34.181548588458703, 0.0 ], [ -118.123048994621996, 34.181549950367803, 0.0 ], [ -118.123519841464997, 34.181614886043199, 0.0 ], [ -118.124059352947995, 34.1816644909876, 0.0 ], [ -118.124146194408993, 34.181539102389202, 0.0 ], [ -118.124162722408997, 34.181519484389099, 0.0 ], [ -118.124198848, 34.181483601414598, 0.0 ], [ -118.124198848, 34.181404963, 0.0 ], [ -118.124265887812996, 34.181027663873301, 0.0 ], [ -118.124458800195001, 34.180696553951201, 0.0 ], [ -118.124753968685994, 34.1804521679258, 0.0 ], [ -118.125115258568002, 34.1803244236933, 0.0 ], [ -118.126344885126002, 34.180120923710398, 0.0 ], [ -118.126353810702, 34.180119445728799, 0.0 ], [ -118.126699658874003, 34.180117527236, 0.0 ], [ -118.126778868505994, 34.180143036521699, 0.0 ], [ -118.126813762886997, 34.180037163569203, 0.0 ], [ -118.126916559728997, 34.179813583346899, 0.0 ], [ -118.127164289728995, 34.179403598346902, 0.0 ], [ -118.127376166044002, 34.1791495503956, 0.0 ], [ -118.127415049687002, 34.179124491800401, 0.0 ], [ -118.127355318107007, 34.178804167517498, 0.0 ], [ -118.127344667185994, 34.1784720191649, 0.0 ], [ -118.127434121140993, 34.178151966106498, 0.0 ], [ -118.127615444398003, 34.177873474012301, 0.0 ], [ -118.127871943440994, 34.1776621822438, 0.0 ], [ -118.128180003696002, 34.177537543367997, 0.0 ], [ -118.128758039695995, 34.177400882367998, 0.0 ], [ -118.129122715991002, 34.177377311195798, 0.0 ], [ -118.129267005529996, 34.177392235696303, 0.0 ], [ -118.129495013850999, 34.177222035817799, 0.0 ], [ -118.129828528953993, 34.177111832264501, 0.0 ], [ -118.130179778246003, 34.177112872827898, 0.0 ], [ -118.130583121437994, 34.177179625384497, 0.0 ], [ -118.130592619593003, 34.1771811969355, 0.0 ], [ -118.130965901576999, 34.177315822561198, 0.0 ], [ -118.131266713949998, 34.177574618647199, 0.0 ], [ -118.131431866949995, 34.177779611647203, 0.0 ], [ -118.131617073922996, 34.178117566090499, 0.0 ], [ -118.131630560448997, 34.178208262525096, 0.0 ], [ -118.131859005164998, 34.178297193621702, 0.0 ], [ -118.131879726389997, 34.178312880699501, 0.0 ], [ -118.131889347091999, 34.178316936374401, 0.0 ], [ -118.131893836307, 34.178318902758399, 0.0 ], [ -118.131921794643006, 34.178331619358701, 0.0 ], [ -118.131926206982001, 34.178333701427299, 0.0 ], [ -118.131954052309993, 34.178347326021097, 0.0 ], [ -118.131958383419004, 34.178349521719497, 0.0 ], [ -118.131986096573996, 34.178364072647902, 0.0 ], [ -118.131990342178, 34.178366379809198, 0.0 ], [ -118.132017901655004, 34.178381875670603, 0.0 ], [ -118.132022057564996, 34.178384292018102, 0.0 ], [ -118.132049439452004, 34.178400751517302, 0.0 ], [ -118.132053501566006, 34.178403274666103, 0.0 ], [ -118.132080679346998, 34.178420716370802, 0.0 ], [ -118.132084643656, 34.1784233438309, 0.0 ], [ -118.132111588105005, 34.178441785941303, 0.0 ], [ -118.132115450697, 34.1784445151197, 0.0 ], [ -118.132142129773001, 34.178463975215102, 0.0 ], [ -118.132145886836, 34.178466803418601, 0.0 ], [ -118.132172265532006, 34.178487298125198, 0.0 ], [ -118.132175913357997, 34.178490222562601, 0.0 ], [ -118.132201953692999, 34.178511767284697, 0.0 ], [ -118.132205488682004, 34.178514785069801, 0.0 ], [ -118.132231149581003, 34.178537393591199, 0.0 ], [ -118.132234568244996, 34.1785405017459, 0.0 ], [ -118.132259805556004, 34.178564185884397, 0.0 ], [ -118.132263104521002, 34.178567381341303, 0.0 ], [ -118.132287871019997, 34.178592150546699, 0.0 ], [ -118.132291047031003, 34.178595430152299, 0.0 ], [ -118.132315292463005, 34.178621291064502, 0.0 ], [ -118.132318342383996, 34.178624651582098, 0.0 ], [ -118.132342013596997, 34.178651607627799, 0.0 ], [ -118.132344934418995, 34.178655045741102, 0.0 ], [ -118.132352311868999, 34.178664027276099, 0.0 ], [ -118.132357485558003, 34.178638567279798, 0.0 ], [ -118.132512630753993, 34.178353277785597, 0.0 ], [ -118.132925513754003, 34.1778066317856, 0.0 ], [ -118.133158077409007, 34.1775789553406, 0.0 ], [ -118.133447277814, 34.177429671907298, 0.0 ], [ -118.133560359171994, 34.177409298077798, 0.0 ], [ -118.133606846462001, 34.177189434991199, 0.0 ], [ -118.133614304462, 34.1771663019912, 0.0 ], [ -118.133701560467003, 34.176966422000099, 0.0 ], [ -118.133713739466998, 34.176944717000097, 0.0 ], [ -118.133831283096001, 34.176774997320798, 0.0 ], [ -118.133847810096, 34.176755380320898, 0.0 ], [ -118.133909700657, 34.176693902157503, 0.0 ], [ -118.133911835443996, 34.176690097162002, 0.0 ], [ -118.134029388371005, 34.1765203503615, 0.0 ], [ -118.134045915371004, 34.176500732361497, 0.0 ], [ -118.134183484906998, 34.176364076062697, 0.0 ], [ -118.134203859907004, 34.176347142062703, 0.0 ], [ -118.134353010587006, 34.176242843334002, 0.0 ], [ -118.134376614586998, 34.176229106333999, 0.0 ], [ -118.134531733924007, 34.176154481547101, 0.0 ], [ -118.134557848924004, 34.176144360547099, 0.0 ], [ -118.134715568, 34.176096534752297, 0.0 ], [ -118.134743401, 34.176090336752303, 0.0 ], [ -118.134902043311001, 34.176067034303202, 0.0 ], [ -118.134930748311007, 34.176064947303203, 0.0 ], [ -118.134935379948999, 34.176064947303203, 0.0 ], [ -118.135167351364004, 34.175851493660801, 0.0 ], [ -118.135460223750002, 34.175711350930698, 0.0 ], [ -118.135591357262996, 34.175691697018102, 0.0 ], [ -118.135725843586997, 34.175597653334002, 0.0 ], [ -118.135749447587003, 34.175583916333999, 0.0 ], [ -118.135904540569001, 34.175509301761203, 0.0 ], [ -118.135930653569005, 34.1754991807612, 0.0 ], [ -118.136088407149003, 34.175451342937698, 0.0 ], [ -118.136116241148997, 34.175445144937697, 0.0 ], [ -118.136274872559, 34.175421844503298, 0.0 ], [ -118.136303576559001, 34.175419757503299, 0.0 ], [ -118.136462415937004, 34.1754197571031, 0.0 ], [ -118.136491121936999, 34.175421844103099, 0.0 ], [ -118.136649767, 34.175445146752203, 0.0 ], [ -118.1366776, 34.175451344752197, 0.0 ], [ -118.136835319075999, 34.175499170547198, 0.0 ], [ -118.136861434075996, 34.175509291547201, 0.0 ], [ -118.137016540887004, 34.1755839090441, 0.0 ], [ -118.137040143887006, 34.175597645044, 0.0 ], [ -118.137189311225001, 34.175701954496603, 0.0 ], [ -118.137209687224001, 34.1757188894967, 0.0 ], [ -118.137347255943993, 34.175855546295701, 0.0 ], [ -118.137363781944003, 34.1758751632957, 0.0 ], [ -118.137481312774995, 34.176044872689403, 0.0 ], [ -118.137493490775, 34.176066576689401, 0.0 ], [ -118.137580738538006, 34.176266441989497, 0.0 ], [ -118.137588196538005, 34.176289574989397, 0.0 ], [ -118.137635010167003, 34.176510958833902, 0.0 ], [ -118.137637522166997, 34.176534816834, 0.0 ], [ -118.137637522790996, 34.176568476972797, 0.0 ], [ -118.137738087041996, 34.176783363038901, 0.0 ], [ -118.137820664041996, 34.177056685038899, 0.0 ], [ -118.137867462155995, 34.177377312783598, 0.0 ], [ -118.137847237233004, 34.177509341130502, 0.0 ], [ -118.137847802134004, 34.177511093012498, 0.0 ], [ -118.137894637418995, 34.1777325712332, 0.0 ], [ -118.137897148419, 34.177756428233103, 0.0 ], [ -118.137897144166004, 34.177985754167899, 0.0 ], [ -118.137894632165995, 34.178009612167898, 0.0 ], [ -118.137847814295995, 34.1782310091683, 0.0 ], [ -118.137840356295996, 34.178254141168402, 0.0 ], [ -118.137753142091, 34.178453941059999, 0.0 ], [ -118.137740965090998, 34.178475646060001, 0.0 ], [ -118.137623380590995, 34.178645436610701, 0.0 ], [ -118.137606852591006, 34.178665054610697, 0.0 ], [ -118.137469324411995, 34.178801669049399, 0.0 ], [ -118.137448950411994, 34.178818603049301, 0.0 ], [ -118.137299714592004, 34.178922956387602, 0.0 ], [ -118.137276108592005, 34.178936692387701, 0.0 ], [ -118.137121101250997, 34.179011261168803, 0.0 ], [ -118.137094987251004, 34.179021383168802, 0.0 ], [ -118.136937176255998, 34.179069237210598, 0.0 ], [ -118.136909342256004, 34.179075434210603, 0.0 ], [ -118.136848194688, 34.179084415830303, 0.0 ], [ -118.136873144459003, 34.179153234672597, 0.0 ], [ -118.136875312955993, 34.179155623988699, 0.0 ], [ -118.136898984267006, 34.179182579977599, 0.0 ], [ -118.136901905089005, 34.179186018069203, 0.0 ], [ -118.136924946289994, 34.179214068959602, 0.0 ], [ -118.136927735130001, 34.179217581253397, 0.0 ], [ -118.136950087754997, 34.179246722640499, 0.0 ], [ -118.136952741862004, 34.179250305670301, 0.0 ], [ -118.136974345225994, 34.179280528610697, 0.0 ], [ -118.136976861978994, 34.179284178840398, 0.0 ], [ -118.136997653489004, 34.179315469378402, 0.0 ], [ -118.137000030406, 34.1793191832056, 0.0 ], [ -118.137019945985003, 34.1793515219724, 0.0 ], [ -118.137022180719001, 34.179355295732201, 0.0 ], [ -118.137041155294995, 34.179388657569497, 0.0 ], [ -118.137043245640996, 34.179392487537399, 0.0 ], [ -118.137061213729993, 34.179426841234502, 0.0 ], [ -118.137063157624993, 34.179430723630901, 0.0 ], [ -118.137080053907994, 34.179466031593499, 0.0 ], [ -118.137081849433997, 34.179469962587, 0.0 ], [ -118.137097609457001, 34.1795061806923, 0.0 ], [ -118.137099254841999, 34.179510156403403, 0.0 ], [ -118.137113815765005, 34.179547233982902, 0.0 ], [ -118.137115309386004, 34.179551250487997, 0.0 ], [ -118.137128610684996, 34.179589130198202, 0.0 ], [ -118.137129951066996, 34.179593183533498, 0.0 ], [ -118.137141935375993, 34.179631801640802, 0.0 ], [ -118.137143121196004, 34.179635887806199, 0.0 ], [ -118.137153735040002, 34.1796751742921, 0.0 ], [ -118.137154765126994, 34.179679289255098, 0.0 ], [ -118.137163959727005, 34.179719168299698, 0.0 ], [ -118.137164833065, 34.179723307999197, 0.0 ], [ -118.137172565034007, 34.179763698338803, 0.0 ], [ -118.137173280761999, 34.179767858689502, 0.0 ], [ -118.137179512811997, 34.179808674335298, 0.0 ], [ -118.137180070222996, 34.179812851231397, 0.0 ], [ -118.137184771742994, 34.179854002083601, 0.0 ], [ -118.137185170288006, 34.1798581914029, 0.0 ], [ -118.137188317858005, 34.179899584111801, 0.0 ], [ -118.137188557141997, 34.1799037817201, 0.0 ], [ -118.137190134921994, 34.179945320520098, 0.0 ], [ -118.137190214708994, 34.179949522274804, 0.0 ], [ -118.137190214708994, 34.179991109923002, 0.0 ], [ -118.137190134921994, 34.179995311677501, 0.0 ], [ -118.137188557141002, 34.180036850485401, 0.0 ], [ -118.137188317856996, 34.180041048093102, 0.0 ], [ -118.137185170284994, 34.180082440818602, 0.0 ], [ -118.137184771741005, 34.180086630136898, 0.0 ], [ -118.137180070216999, 34.180127781013098, 0.0 ], [ -118.137179512805005, 34.180131957907697, 0.0 ], [ -118.137177689910004, 34.180145017476796, 0.0 ], [ -118.137172249585007, 34.180182350167399, 0.0 ], [ -118.137523089742999, 34.180363796707503, 0.0 ], [ -118.137776671078001, 34.180544838439999, 0.0 ], [ -118.137969011631995, 34.180789960274097, 0.0 ], [ -118.138084545203995, 34.1810793243977, 0.0 ], [ -118.138167122203996, 34.1814209793977, 0.0 ], [ -118.138195247699997, 34.1817526619514, 0.0 ], [ -118.138143214861998, 34.1819847845398, 0.0 ], [ -118.138347025222004, 34.182032867119297, 0.0 ], [ -118.139007638221997, 34.182306190119199, 0.0 ], [ -118.139319019198993, 34.182501834632703, 0.0 ], [ -118.139548089496003, 34.182789517944002, 0.0 ], [ -118.139669024054996, 34.183136807047099, 0.0 ], [ -118.139668188884997, 34.183504549063997, 0.0 ], [ -118.139637299197005, 34.183683476840997, 0.0 ], [ -118.139687218269003, 34.183851225791102, 0.0 ], [ -118.139685438545001, 34.184172895995303, 0.0 ], [ -118.139650589181002, 34.184285433965698, 0.0 ], [ -118.139617438295005, 34.184442201171599, 0.0 ], [ -118.139609980295006, 34.184465333171502, 0.0 ], [ -118.139522728532995, 34.184665199999102, 0.0 ], [ -118.139510549533, 34.184686904999097, 0.0 ], [ -118.139473195937995, 34.184740839086402, 0.0 ], [ -118.141230385906994, 34.185226728736701, 0.0 ], [ -118.141223737613004, 34.185233397549901, 0.0 ], [ -118.142052365875003, 34.185423863339999, 0.0 ], [ -118.142142760132003, 34.1852368633878, 0.0 ], [ -118.142144581286999, 34.185233096422898, 0.0 ], [ -118.142330963657002, 34.184961422524403, 0.0 ], [ -118.142589706736004, 34.1847574688177, 0.0 ], [ -118.142897397216998, 34.184639690793396, 0.0 ], [ -118.143099767959995, 34.184626799467097, 0.0 ], [ -118.143364358501998, 34.184509641022899, 0.0 ], [ -118.143746066118993, 34.184484499135998, 0.0 ], [ -118.144113137804993, 34.184592161553603, 0.0 ], [ -118.144526020805003, 34.184797153553703, 0.0 ], [ -118.144776122641005, 34.184968103363097, 0.0 ], [ -118.144969826603997, 34.185201027257598, 0.0 ], [ -118.145092312781998, 34.185478104686901, 0.0 ], [ -118.14513421, 34.185778137000099, 0.0 ], [ -118.14513421, 34.186234922293103, 0.0 ], [ -118.145737562101004, 34.1864586483414, 0.0 ], [ -118.145736064600996, 34.186462686850398, 0.0 ], [ -118.145817668717996, 34.1864912885911, 0.0 ], [ -118.146402531902993, 34.186760158346601, 0.0 ], [ -118.146791162178999, 34.186578506064897, 0.0 ], [ -118.147054001208005, 34.1864940581927, 0.0 ], [ -118.147329606902005, 34.186478017620601, 0.0 ], [ -118.147593172938002, 34.186496029621601, 0.0 ], [ -118.147661567239993, 34.186485329154898, 0.0 ], [ -118.147717658293004, 34.186437606092902, 0.0 ], [ -118.147875198386004, 34.186325921709802, 0.0 ], [ -118.148252163137997, 34.186105852292599, 0.0 ], [ -118.148256607944006, 34.1861032568507, 0.0 ], [ -118.148587904617997, 34.185976342663501, 0.0 ], [ -118.148942388124993, 34.185961985084198, 0.0 ], [ -118.149263258535996, 34.186055949443499, 0.0 ], [ -118.149509850021005, 34.186004937547601, 0.0 ], [ -118.149514877987997, 34.186003897382101, 0.0 ], [ -118.149840023254001, 34.185986066089299, 0.0 ], [ -118.149988701835994, 34.186023024045703, 0.0 ], [ -118.149917711566005, 34.185693657370798, 0.0 ], [ -118.149896101425995, 34.185382203703298, 0.0 ], [ -118.149963244220999, 34.185077306622098, 0.0 ], [ -118.150051893207007, 34.184916103953803, 0.0 ], [ -118.150045369205998, 34.184879775663603, 0.0 ], [ -118.150124650096004, 34.184480603605301, 0.0 ], [ -118.150207226096001, 34.184275610605397, 0.0 ], [ -118.150371442536994, 34.183996248539898, 0.0 ], [ -118.150610217723994, 34.183777167246802, 0.0 ], [ -118.150902648856999, 34.183637545488601, 0.0 ], [ -118.151121593707998, 34.183604795019797, 0.0 ], [ -118.151173859476003, 34.183248715817498, 0.0 ], [ -118.151421589476001, 34.182497075817402, 0.0 ], [ -118.151592811078004, 34.182173256663702, 0.0 ], [ -118.151861232361, 34.181924006395498, 0.0 ], [ -118.152196828911002, 34.181777205042401, 0.0 ], [ -118.152562062385002, 34.181749273152697, 0.0 ], [ -118.153227239610004, 34.181810431518798, 0.0 ], [ -118.153186793569006, 34.181629853660702, 0.0 ], [ -118.153204795549996, 34.1813253715695, 0.0 ], [ -118.153369948549994, 34.180505400569601, 0.0 ], [ -118.153475346966999, 34.1802098095934, 0.0 ], [ -118.153660241156004, 34.1799562410813, 0.0 ], [ -118.153909451260006, 34.1797655130677, 0.0 ], [ -118.154202517071994, 34.179653284367198, 0.0 ], [ -118.155104414071999, 34.179449746367197, 0.0 ], [ -118.155110973351, 34.179448266809104, 0.0 ], [ -118.155494226474005, 34.179430702286197, 0.0 ], [ -118.155655501205004, 34.179481708072203, 0.0 ], [ -118.155833155561993, 34.179322079529598, 0.0 ], [ -118.156154324598006, 34.179182193054501, 0.0 ], [ -118.156503231987998, 34.1791508656136, 0.0 ], [ -118.156844183223001, 34.179231302119298, 0.0 ], [ -118.157504796222995, 34.179504625119399, 0.0 ], [ -118.157780630062007, 34.179669821374397, 0.0 ], [ -118.157996608651999, 34.179907996433101, 0.0 ], [ -118.158134119424005, 34.180198624885001, 0.0 ], [ -118.158181312, 34.180516661000098, 0.0 ], [ -118.158181312, 34.180721653, 0.0 ], [ -118.158127707285999, 34.181060099845901, 0.0 ], [ -118.158079404193998, 34.181154900001403, 0.0 ], [ -118.158330563530996, 34.181212896660497, 0.0 ], [ -118.158991176531003, 34.181486220660403, 0.0 ], [ -118.159266802535996, 34.1816512470294, 0.0 ], [ -118.159482689906, 34.181889146254498, 0.0 ], [ -118.159620264656994, 34.182179450552503, 0.0 ], [ -118.159667690475004, 34.182497183442401, 0.0 ], [ -118.159620887054999, 34.182815008610397, 0.0 ], [ -118.159502538, 34.1832067372236, 0.0 ], [ -118.159502538, 34.183353837153902, 0.0 ], [ -118.159573398312006, 34.183456145468597, 0.0 ], [ -118.159585576311997, 34.183477850468599, 0.0 ], [ -118.159672800378004, 34.183677656173899, 0.0 ], [ -118.159680259378007, 34.183700789173997, 0.0 ], [ -118.159727090920001, 34.183922258988098, 0.0 ], [ -118.159729601920006, 34.183946116988103, 0.0 ], [ -118.159729596665997, 34.184175442920299, 0.0 ], [ -118.159727084666002, 34.184199299920202, 0.0 ], [ -118.159680267295002, 34.184420692168899, 0.0 ], [ -118.159672809295003, 34.184443824169001, 0.0 ], [ -118.159594426105997, 34.184623367261501, 0.0 ], [ -118.159633913533, 34.184680379000397, 0.0 ], [ -118.159646092532995, 34.184702084000399, 0.0 ], [ -118.159733335377993, 34.184901923173399, 0.0 ], [ -118.159740794377996, 34.184925056173498, 0.0 ], [ -118.159787625419, 34.1851465212332, 0.0 ], [ -118.159790136419005, 34.185170378233103, 0.0 ], [ -118.159790136419005, 34.185190132489701, 0.0 ], [ -118.159812667919994, 34.185296671985803, 0.0 ], [ -118.159815178919999, 34.185320529985702, 0.0 ], [ -118.159815173666004, 34.185549855923803, 0.0 ], [ -118.159812661665995, 34.185573712923897, 0.0 ], [ -118.159782950939999, 34.185714214823903, 0.0 ], [ -118.160075616336997, 34.185874143316497, 0.0 ], [ -118.160319969205005, 34.1861432275334, 0.0 ], [ -118.160462803032004, 34.186477462686099, 0.0 ], [ -118.160627957032005, 34.187160770686198, 0.0 ], [ -118.160653864392998, 34.187433394359999, 0.0 ], [ -118.160657743086006, 34.187444439154298, 0.0 ], [ -118.160659083466996, 34.187448492112203, 0.0 ], [ -118.160671069708997, 34.187487112851798, 0.0 ], [ -118.160672255528993, 34.187491198636799, 0.0 ], [ -118.160682871150996, 34.187530488047798, 0.0 ], [ -118.160683901238002, 34.187534602627601, 0.0 ], [ -118.160685770735, 34.187542184780902, 0.0 ], [ -118.160744166765994, 34.187782708639297, 0.0 ], [ -118.160772846561997, 34.188111113966301, 0.0 ], [ -118.160702506342005, 34.188433177380901, 0.0 ], [ -118.160626244176001, 34.188567251741198, 0.0 ], [ -118.160715312312007, 34.188695844468803, 0.0 ], [ -118.160727490311999, 34.188717549468798, 0.0 ], [ -118.160814696971002, 34.188917301192703, 0.0 ], [ -118.160822156970994, 34.188940433192599, 0.0 ], [ -118.160869000665997, 34.189161907079502, 0.0 ], [ -118.160871512666006, 34.189185764079603, 0.0 ], [ -118.160871513166995, 34.189415135166698, 0.0 ], [ -118.160869001167001, 34.189438993166704, 0.0 ], [ -118.160822170133002, 34.189660430990401, 0.0 ], [ -118.160814711133, 34.189683562990297, 0.0 ], [ -118.160727472532997, 34.1898833890004, 0.0 ], [ -118.160715293533002, 34.189905094000402, 0.0 ], [ -118.160621913049994, 34.190039915570601, 0.0 ], [ -118.160622877262, 34.190040716833003, 0.0 ], [ -118.160726846859006, 34.190143977442901, 0.0 ], [ -118.161105049498005, 34.190322810659097, 0.0 ], [ -118.161377720768002, 34.190506288835003, 0.0 ], [ -118.161583681384997, 34.190762402260603, 0.0 ], [ -118.161704385468994, 34.191068089006997, 0.0 ], [ -118.161728964126993, 34.191395823277702, 0.0 ], [ -118.161655204156006, 34.191716093990301, 0.0 ], [ -118.161489747329, 34.192000062124002, 0.0 ], [ -118.161460283219995, 34.192036633817402, 0.0 ], [ -118.161458245920002, 34.192055991013497, 0.0 ], [ -118.161411414377994, 34.192277460825103, 0.0 ], [ -118.161403955378006, 34.192300593825102, 0.0 ], [ -118.161316693752994, 34.192500466468097, 0.0 ], [ -118.161304513752995, 34.192522171468099, 0.0 ], [ -118.161238039812005, 34.192618139543299, 0.0 ], [ -118.161303259037993, 34.192691267015, 0.0 ], [ -118.161437572425001, 34.192977780616197, 0.0 ], [ -118.161520148424998, 34.193251103616198, 0.0 ], [ -118.161565242262995, 34.193629028621501, 0.0 ], [ -118.161557889722999, 34.193660356431103, 0.0 ], [ -118.161579651135, 34.193710199013601, 0.0 ], [ -118.161587110135002, 34.193733331013703, 0.0 ], [ -118.161633940665993, 34.1939547640767, 0.0 ], [ -118.161636452666002, 34.193978621076603, 0.0 ], [ -118.161636452666002, 34.194207996922501, 0.0 ], [ -118.161633940665993, 34.194231853922602, 0.0 ], [ -118.161587110133993, 34.194453286989102, 0.0 ], [ -118.161579651134005, 34.194476418988998, 0.0 ], [ -118.161492393752994, 34.1946762784669, 0.0 ], [ -118.161480213752995, 34.194697983466902, 0.0 ], [ -118.161362622477995, 34.1948677485166, 0.0 ], [ -118.161346091477995, 34.194887366516603, 0.0 ], [ -118.161208504498006, 34.195024007364097, 0.0 ], [ -118.161188124497997, 34.195040941364198, 0.0 ], [ -118.161127183698994, 34.195083547494399, 0.0 ], [ -118.161126993872003, 34.195083944106102, 0.0 ], [ -118.161125049975993, 34.195087825827002, 0.0 ], [ -118.161107077631996, 34.195122181685598, 0.0 ], [ -118.161104987285, 34.195126010986897, 0.0 ], [ -118.161086008503005, 34.195159374414601, 0.0 ], [ -118.161083773767999, 34.195163147517, 0.0 ], [ -118.161063854090003, 34.195195487308297, 0.0 ], [ -118.161061477173007, 34.195199200488403, 0.0 ], [ -118.161040681727997, 34.195230491497099, 0.0 ], [ -118.161038164974997, 34.195234141090403, 0.0 ], [ -118.161016557867001, 34.195264364000302, 0.0 ], [ -118.161013903759994, 34.195267946405103, 0.0 ], [ -118.160991547644002, 34.195297087260997, 0.0 ], [ -118.160988758803995, 34.195300598941898, 0.0 ], [ -118.160965714398998, 34.195328648838803, 0.0 ], [ -118.160962793576999, 34.195332086330197, 0.0 ], [ -118.160939119366006, 34.195359040916003, 0.0 ], [ -118.160936069444006, 34.195362400825502, 0.0 ], [ -118.160911821366, 34.195388259881597, 0.0 ], [ -118.160908645354993, 34.195391538893404, 0.0 ], [ -118.160883876588002, 34.195416305883299, 0.0 ], [ -118.160880577623004, 34.195419500761503, 0.0 ], [ -118.160855338429997, 34.195443182378199, 0.0 ], [ -118.160851919766003, 34.195446289969702, 0.0 ], [ -118.160831974849003, 34.195463981530096, 0.0 ], [ -118.160552351215998, 34.195705996940397, 0.0 ], [ -118.160278965727997, 34.195879345029098, 0.0 ], [ -118.159966848650996, 34.195965206053501, 0.0 ], [ -118.159909889515006, 34.195963599522798, 0.0 ], [ -118.159879109727001, 34.196237786373402, 0.0 ], [ -118.159789289727001, 34.196604356373399, 0.0 ], [ -118.159772828325004, 34.196643576360103, 0.0 ], [ -118.159806256604995, 34.196712729844101, 0.0 ], [ -118.159906297804994, 34.1971495540866, 0.0 ], [ -118.160053670633999, 34.1974365318761, 0.0 ], [ -118.160165730333006, 34.197797526057897, 0.0 ], [ -118.160148399462003, 34.1981751155393, 0.0 ], [ -118.160032291727006, 34.198455406590597, 0.0 ], [ -118.160156719924998, 34.198681458565602, 0.0 ], [ -118.166382796091995, 34.200639467281498, 0.0 ], [ -118.165917879584995, 34.206322365674502, 0.0 ], [ -118.166407684462001, 34.206437992921103, 0.0 ], [ -118.166423522702004, 34.206445912041197, 0.0 ], [ -118.166707728388999, 34.206513003903098, 0.0 ], [ -118.166857750353003, 34.206588014885, 0.0 ], [ -118.167142394986001, 34.206793175128801, 0.0 ], [ -118.167292416950005, 34.206943197092698, 0.0 ], [ -118.167442438913994, 34.207093219056503, 0.0 ], [ -118.167647599158002, 34.207377863689601, 0.0 ], [ -118.167797621122006, 34.207677907617402, 0.0 ], [ -118.167864712983999, 34.2079621133052, 0.0 ], [ -118.167872632103993, 34.207977951545303, 0.0 ], [ -118.167988259349997, 34.208467756422003, 0.0 ], [ -118.167988259349997, 34.2086177783859, 0.0 ], [ -118.167872632103993, 34.2091075832626, 0.0 ], [ -118.167797621122006, 34.209257605226497, 0.0 ], [ -118.167733787258001, 34.209350503456399, 0.0 ], [ -118.167797621122006, 34.2094781711845, 0.0 ], [ -118.167913248367995, 34.209967976061201, 0.0 ], [ -118.167913248367995, 34.210718085880899, 0.0 ], [ -118.167859643653998, 34.211056532726701, 0.0 ], [ -118.167704076714003, 34.2113618500372, 0.0 ], [ -118.167461775524998, 34.211604151226702, 0.0 ], [ -118.167431643602001, 34.211619504208201, 0.0 ], [ -118.167422566211997, 34.211657956649397, 0.0 ], [ -118.167347555229995, 34.211807978613301, 0.0 ], [ -118.167142394986001, 34.212092623246299, 0.0 ], [ -118.167110975799005, 34.212124042433899, 0.0 ], [ -118.166917362039996, 34.2123926671741, 0.0 ], [ -118.166796836182996, 34.212479537297099, 0.0 ], [ -118.166726356504, 34.212582107266002, 0.0 ], [ -118.166493679750999, 34.212774914849703, 0.0 ], [ -118.166413028728996, 34.212810466191002, 0.0 ], [ -118.166413028728996, 34.212818393375798, 0.0 ], [ -118.166371342209999, 34.213117684989101, 0.0 ], [ -118.166249455968995, 34.213394193541802, 0.0 ], [ -118.166056648384995, 34.213626870294704, 0.0 ], [ -118.165807596606001, 34.213798003129199, 0.0 ], [ -118.165740419086006, 34.213831591889402, 0.0 ], [ -118.165642175347003, 34.213967897795399, 0.0 ], [ -118.165373550607001, 34.214161511553598, 0.0 ], [ -118.165342131418996, 34.214192930741198, 0.0 ], [ -118.165057486785997, 34.214398090984901, 0.0 ], [ -118.165033658073995, 34.214410005341101, 0.0 ], [ -118.165001103918996, 34.214457381815102, 0.0 ], [ -118.164768427165995, 34.214650189398803, 0.0 ], [ -118.163845106205002, 34.2153921153065, 0.0 ], [ -118.163433369805006, 34.2154972394938, 0.0 ], [ -118.159851086329994, 34.215483486802199, 0.0 ], [ -118.157925795639997, 34.215408280134596, 0.0 ], [ -118.157817033987996, 34.215425145889299, 0.0 ], [ -118.157832959239002, 34.215476555914101, 0.0 ], [ -118.157835514238997, 34.2155066859142, 0.0 ], [ -118.157839425220999, 34.215602786837501, 0.0 ], [ -118.157839309221004, 34.215638495837503, 0.0 ], [ -118.157835113326996, 34.215707083167501, 0.0 ], [ -118.157833151725995, 34.215780568711402, 0.0 ], [ -118.157830717726, 34.215811481711398, 0.0 ], [ -118.157819057744007, 34.215906390192998, 0.0 ], [ -118.157818736744005, 34.215908307192898, 0.0 ], [ -118.157813402371005, 34.215940139752298, 0.0 ], [ -118.157812261047994, 34.215946948378701, 0.0 ], [ -118.157761817771998, 34.216115481154901, 0.0 ], [ -118.157764716610998, 34.216116337122799, 0.0 ], [ -118.157756529677997, 34.216144063161202, 0.0 ], [ -118.157755954737993, 34.2161460111938, 0.0 ], [ -118.157754645327003, 34.216150444577899, 0.0 ], [ -118.157746131603005, 34.216167889202502, 0.0 ], [ -118.157734117114998, 34.216208030033201, 0.0 ], [ -118.157716337115005, 34.216248324033302, 0.0 ], [ -118.15770855241, 34.216244888979702, 0.0 ], [ -118.157595095370993, 34.216477362490103, 0.0 ], [ -118.157484426292996, 34.2165875179628, 0.0 ], [ -118.157451077052997, 34.216634678981301, 0.0 ], [ -118.157438845170006, 34.216648616657402, 0.0 ], [ -118.157360011283004, 34.216762243722002, 0.0 ], [ -118.157270547611006, 34.216828201768301, 0.0 ], [ -118.157208275013005, 34.216893066851597, 0.0 ], [ -118.157171224012998, 34.216924836851597, 0.0 ], [ -118.156915679506, 34.217088565416198, 0.0 ], [ -118.156778202225993, 34.217129861978599, 0.0 ], [ -118.157029934299999, 34.217416775562199, 0.0 ], [ -118.157073489173001, 34.217493903297601, 0.0 ], [ -118.157074167632004, 34.217493360657102, 0.0 ], [ -118.157075873631996, 34.217495493656997, 0.0 ], [ -118.157237460399003, 34.217772822622997, 0.0 ], [ -118.157282203399006, 34.217884679623097, 0.0 ], [ -118.157313849169, 34.2179750673493, 0.0 ], [ -118.157365119169, 34.218144989349298, 0.0 ], [ -118.157366870746998, 34.218150853728702, 0.0 ], [ -118.157461501799006, 34.218470942578001, 0.0 ], [ -118.157467222248997, 34.218488928570999, 0.0 ], [ -118.157490439054996, 34.218561922672599, 0.0 ], [ -118.157528878861001, 34.218682779206802, 0.0 ], [ -118.157542229087994, 34.218724754354596, 0.0 ], [ -118.157592183774, 34.2191152058314, 0.0 ], [ -118.157500866141007, 34.219498101269103, 0.0 ], [ -118.157280071895997, 34.219823981197003, 0.0 ], [ -118.157019030452005, 34.220089884629999, 0.0 ], [ -118.156996061469002, 34.220113281575898, 0.0 ], [ -118.156761774724004, 34.220351933764199, 0.0 ], [ -118.156751842310001, 34.220375487170799, 0.0 ], [ -118.156512326252994, 34.220643720594303, 0.0 ], [ -118.155881854252996, 34.221150418594299, 0.0 ], [ -118.155477829185003, 34.221355006177802, 0.0 ], [ -118.154299589066994, 34.221669056289102, 0.0 ], [ -118.153821890941998, 34.222001481570103, 0.0 ], [ -118.153546978541002, 34.2221400729089, 0.0 ], [ -118.153244356254007, 34.222196678022499, 0.0 ], [ -118.152937936390003, 34.222166824143997, 0.0 ], [ -118.152334888368998, 34.222020437662998, 0.0 ], [ -118.151035324949007, 34.222612065001698, 0.0 ], [ -118.150555445858998, 34.222710189346301, 0.0 ], [ -118.148764173859007, 34.222667516346398, 0.0 ], [ -118.148287694546994, 34.222545715922898, 0.0 ], [ -118.146403993982005, 34.221572893147801, 0.0 ], [ -118.146041624107994, 34.221385750728999, 0.0 ], [ -118.145853400899, 34.221288544620997, 0.0 ], [ -118.145813351921007, 34.221267861599799, 0.0 ], [ -118.145749308966003, 34.221234787139402, 0.0 ], [ -118.145703346057999, 34.221211049637297, 0.0 ], [ -118.145290589390001, 34.220997884716802, 0.0 ], [ -118.145106330806996, 34.220998454760498, 0.0 ], [ -118.144979680763001, 34.220998845997102, 0.0 ], [ -118.144916137821994, 34.220999221737401, 0.0 ], [ -118.144899067425996, 34.220999328557198, 0.0 ], [ -118.144894605686005, 34.220999356115101, 0.0 ], [ -118.144888519426999, 34.220999376790502, 0.0 ], [ -118.144788016180996, 34.220999438953903, 0.0 ], [ -118.144700336925993, 34.220999709775498, 0.0 ], [ -118.144327494631, 34.220935518184, 0.0 ], [ -118.143998736948006, 34.220748300869403, 0.0 ], [ -118.143753291883996, 34.220460396966402, 0.0 ], [ -118.143690994883997, 34.220354648966399, 0.0 ], [ -118.143674141782, 34.220326040256197, 0.0 ], [ -118.143664051133996, 34.220308914192103, 0.0 ], [ -118.143652937393995, 34.2202900473699, 0.0 ], [ -118.143637191406995, 34.220263317669797, 0.0 ], [ -118.143226653924003, 34.2195664380342, 0.0 ], [ -118.143056064201005, 34.219276864936099, 0.0 ], [ -118.142959686504994, 34.219247503995398, 0.0 ], [ -118.142609583661994, 34.219066760781203, 0.0 ], [ -118.141566639507005, 34.2182616208298, 0.0 ], [ -118.141423170034003, 34.218219980851799, 0.0 ], [ -118.139815934252994, 34.2184781175661, 0.0 ], [ -118.139708545906004, 34.2184899679797, 0.0 ], [ -118.138155503400995, 34.218584140926502, 0.0 ], [ -118.137925114222995, 34.218650378480199, 0.0 ], [ -118.137852292286993, 34.218671315174298, 0.0 ], [ -118.137780121869994, 34.218692064019102, 0.0 ], [ -118.137249298382002, 34.218844677009599, 0.0 ], [ -118.136830817822002, 34.218964991120401, 0.0 ], [ -118.136818065178005, 34.218968658254198, 0.0 ], [ -118.136610533644003, 34.219028323646697, 0.0 ], [ -118.136488890308001, 34.219063296880599, 0.0 ], [ -118.136408344482007, 34.219086453555903, 0.0 ], [ -118.136242869742006, 34.219134028330998, 0.0 ], [ -118.136180752534003, 34.219139390041001, 0.0 ], [ -118.136170497747003, 34.2191737487111, 0.0 ], [ -118.136101594915999, 34.219404608144501, 0.0 ], [ -118.136050128982006, 34.219577046571104, 0.0 ], [ -118.135995253112995, 34.219760911131999, 0.0 ], [ -118.135948046101007, 34.219919075224702, 0.0 ], [ -118.135944268418996, 34.219931731860697, 0.0 ], [ -118.135804256851003, 34.220228732509703, 0.0 ], [ -118.135582503500999, 34.2204708855121, 0.0 ], [ -118.135298939117007, 34.220636426640098, 0.0 ], [ -118.134979049899997, 34.220710477387897, 0.0 ], [ -118.134631660975003, 34.220737285073497, 0.0 ], [ -118.134602019876993, 34.220739572695102, 0.0 ], [ -118.134165600282998, 34.220684665249898, 0.0 ], [ -118.134073449282994, 34.220653375250002, 0.0 ], [ -118.133896790468, 34.220593389904003, 0.0 ], [ -118.133814892237993, 34.220648917038403, 0.0 ], [ -118.133494432481996, 34.220744311846602, 0.0 ], [ -118.133270848785003, 34.220740476360099, 0.0 ], [ -118.133111586720005, 34.220815222577798, 0.0 ], [ -118.132816143054995, 34.2208642682562, 0.0 ], [ -118.132518459512994, 34.220831451394801, 0.0 ], [ -118.131963680512996, 34.2206915943949, 0.0 ], [ -118.131919946004004, 34.2206783079342, 0.0 ], [ -118.131854571402002, 34.220708188383298, 0.0 ], [ -118.131776365590994, 34.220740344519299, 0.0 ], [ -118.131355865584993, 34.220894548805802, 0.0 ], [ -118.131244449131998, 34.220943921343903, 0.0 ], [ -118.131152823530002, 34.221205597305399, 0.0 ], [ -118.130944881928002, 34.221563138291501, 0.0 ], [ -118.130619173141, 34.221818067797997, 0.0 ], [ -118.130541274140995, 34.2218580437981, 0.0 ], [ -118.129899756382997, 34.222187254700003, 0.0 ], [ -118.129844495385996, 34.222213687769397, 0.0 ], [ -118.129305398385995, 34.222453266769499, 0.0 ], [ -118.129263440241999, 34.222471912944201, 0.0 ], [ -118.129003594240004, 34.2225505667286, 0.0 ], [ -118.128732384895002, 34.2225628896377, 0.0 ], [ -118.128697497654002, 34.2225601328987, 0.0 ], [ -118.128605101134994, 34.222601483823397, 0.0 ], [ -118.128281889365994, 34.222641233231897, 0.0 ], [ -118.128239888365997, 34.222640105231903, 0.0 ], [ -118.128003106810993, 34.222606617806903, 0.0 ], [ -118.127874762793994, 34.222757094085402, 0.0 ], [ -118.127604446990006, 34.222930483621099, 0.0 ], [ -118.127538767990004, 34.222960065621102, 0.0 ], [ -118.127456155649995, 34.222980993423, 0.0 ], [ -118.127453820819994, 34.222982176128198, 0.0 ], [ -118.127371515733998, 34.223052446315499, 0.0 ], [ -118.127125532765007, 34.223162902715003, 0.0 ], [ -118.126960121222993, 34.223316771602803, 0.0 ], [ -118.126877842135997, 34.223372502367901, 0.0 ], [ -118.126794217606999, 34.223446295354798, 0.0 ], [ -118.126723279855, 34.2234771932998, 0.0 ], [ -118.126682094662996, 34.223505089601801, 0.0 ], [ -118.126610882915003, 34.223526149382103, 0.0 ], [ -118.126481963163002, 34.223582302209898, 0.0 ], [ -118.126390395909993, 34.2235913550265, 0.0 ], [ -118.126360079898006, 34.2236003205212, 0.0 ], [ -118.126309986831004, 34.223599304687703, 0.0 ], [ -118.126143026815996, 34.223615811226097, 0.0 ], [ -118.126041911504998, 34.2235938684085, 0.0 ], [ -118.126024347737001, 34.223593512234203, 0.0 ], [ -118.125996343690005, 34.223583979834302, 0.0 ], [ -118.125810185060999, 34.223543581947801, 0.0 ], [ -118.125762734476993, 34.223516038395502, 0.0 ], [ -118.125695467547004, 34.223647117289403, 0.0 ], [ -118.125491491239003, 34.223866675941203, 0.0 ], [ -118.125235638608004, 34.2240227264694, 0.0 ], [ -118.124878203647995, 34.224178265873398, 0.0 ], [ -118.124863882840998, 34.224244862181997, 0.0 ], [ -118.124772932468005, 34.224504012243301, 0.0 ], [ -118.124620368904999, 34.224732387118799, 0.0 ], [ -118.124417576905003, 34.224966106118799, 0.0 ], [ -118.124189656780999, 34.225165033529201, 0.0 ], [ -118.123916010857002, 34.225294020370903, 0.0 ], [ -118.123543714857007, 34.225409971370901, 0.0 ], [ -118.123188382636002, 34.225459112523602, 0.0 ], [ -118.123142093097002, 34.225457858824498, 0.0 ], [ -118.122924242628002, 34.225697154695503, 0.0 ], [ -118.122451194627999, 34.226059030695602, 0.0 ], [ -118.122078360925997, 34.226244561147404, 0.0 ], [ -118.121663220672005, 34.226277501802898, 0.0 ], [ -118.120482047671999, 34.226144536802799, 0.0 ], [ -118.120162816743004, 34.226058372864301, 0.0 ], [ -118.119883849019999, 34.225880863373, 0.0 ], [ -118.119670571053007, 34.225628187455698, 0.0 ], [ -118.119542422093005, 34.225323375293598, 0.0 ], [ -118.119538377780003, 34.225280897313297, 0.0 ], [ -118.119492998669003, 34.225295403446403, 0.0 ], [ -118.119357924748002, 34.225315919122401, 0.0 ], [ -118.119355937978995, 34.225335464130303, 0.0 ], [ -118.119270879181997, 34.225661047931801, 0.0 ], [ -118.119090987234003, 34.225945439735298, 0.0 ], [ -118.118833244363003, 34.2261617922792, 0.0 ], [ -118.118611222408006, 34.226253014987499, 0.0 ], [ -118.118489230072996, 34.226445448604501, 0.0 ], [ -118.118530868543004, 34.226548356886703, 0.0 ], [ -118.118570009056, 34.226598211988502, 0.0 ], [ -118.118739036120004, 34.2269035610557, 0.0 ], [ -118.118803421129996, 34.227246581130501, 0.0 ], [ -118.118756626083993, 34.227592440097098, 0.0 ], [ -118.118739019947, 34.227628471749199, 0.0 ], [ -118.118749526190001, 34.227656379144896, 0.0 ], [ -118.118767433220995, 34.227990248412503, 0.0 ], [ -118.118683778005007, 34.228313963031297, 0.0 ], [ -118.118506356637994, 34.228597355000602, 0.0 ], [ -118.118280843272004, 34.228789222036497, 0.0 ], [ -118.118333426546002, 34.228860463258897, 0.0 ], [ -118.118480211304004, 34.2291329890786, 0.0 ], [ -118.118544883908996, 34.229435699404803, 0.0 ], [ -118.118522278502994, 34.229744414618601, 0.0 ], [ -118.118502774006004, 34.229796761101099, 0.0 ], [ -118.119336870054994, 34.229702965084101, 0.0 ], [ -118.119429557738002, 34.229689069208298, 0.0 ], [ -118.119612736972002, 34.229591856501401, 0.0 ], [ -118.119613709668002, 34.229591340920997, 0.0 ], [ -118.119912498237994, 34.229485087355201, 0.0 ], [ -118.120229145747999, 34.2294688832161, 0.0 ], [ -118.120537166438993, 34.2295440594974, 0.0 ], [ -118.120949546438993, 34.229710991497399, 0.0 ], [ -118.121243052042004, 34.229887590209103, 0.0 ], [ -118.121467650843996, 34.230146217396999, 0.0 ], [ -118.121601373855, 34.230461575606597, 0.0 ], [ -118.121631141044006, 34.230802818274697, 0.0 ], [ -118.121554040752002, 34.2311365669661, 0.0 ], [ -118.121377614495003, 34.231430176264197, 0.0 ], [ -118.121284796010997, 34.231510878029802, 0.0 ], [ -118.121276344142998, 34.231527991521297, 0.0 ], [ -118.121147075129002, 34.231710349586301, 0.0 ], [ -118.121139734685002, 34.231920696602401, 0.0 ], [ -118.121052593336003, 34.232164912804997, 0.0 ], [ -118.121101137013, 34.232253178769497, 0.0 ], [ -118.121166727057002, 34.232577495159198, 0.0 ], [ -118.121185123057003, 34.232961141159301, 0.0 ], [ -118.121161733586007, 34.233244638871398, 0.0 ], [ -118.121066124950005, 34.233512551187403, 0.0 ], [ -118.120818415949998, 34.233996588187303, 0.0 ], [ -118.120658822305003, 34.2342288572627, 0.0 ], [ -118.120488170800002, 34.234419151307897, 0.0 ], [ -118.120479449792001, 34.234434740420099, 0.0 ], [ -118.120462406231994, 34.234519388209698, 0.0 ], [ -118.120466893065, 34.234540306610498, 0.0 ], [ -118.120483749894007, 34.234897957212702, 0.0 ], [ -118.120384357714002, 34.235241932939601, 0.0 ], [ -118.120179338803993, 34.235535472293698, 0.0 ], [ -118.119890604017996, 34.235747204032002, 0.0 ], [ -118.119549011122999, 34.235854499884198, 0.0 ], [ -118.119191066957001, 34.235845892889401, 0.0 ], [ -118.118605832957002, 34.235734411889297, 0.0 ], [ -118.118265751246, 34.235599593927397, 0.0 ], [ -118.118164951609003, 34.235636865808303, 0.0 ], [ -118.117960904707999, 34.235690969721396, 0.0 ], [ -118.117898438249995, 34.2357075335171, 0.0 ], [ -118.117615431966001, 34.235744116603797, 0.0 ], [ -118.117614953965997, 34.2357441156039, 0.0 ], [ -118.117538028983006, 34.235743882971001, 0.0 ], [ -118.117198417655004, 34.235688815825497, 0.0 ], [ -118.117041484655005, 34.235637076825498, 0.0 ], [ -118.116943472303007, 34.2356047626483, 0.0 ], [ -118.116818990832002, 34.235588039923499, 0.0 ], [ -118.116748820523, 34.235576281574502, 0.0 ], [ -118.116717502523002, 34.2355699815745, 0.0 ], [ -118.116585905562005, 34.235519751664903, 0.0 ], [ -118.116584071404006, 34.235525801355003, 0.0 ], [ -118.116521409404001, 34.235506803355101, 0.0 ], [ -118.116458684323007, 34.235485696820703, 0.0 ], [ -118.116418348322995, 34.235470752820703, 0.0 ], [ -118.116416941210005, 34.235470230405603, 0.0 ], [ -118.116384429210001, 34.235458134405498, 0.0 ], [ -118.116357168516998, 34.235447575855297, 0.0 ], [ -118.116298121517005, 34.2354237948554, 0.0 ], [ -118.116298485843998, 34.235422890251002, 0.0 ], [ -118.116189532179007, 34.235381787741403, 0.0 ], [ -118.116163381763002, 34.2353690067279, 0.0 ], [ -118.116091098054, 34.235340223582497, 0.0 ], [ -118.116063691744003, 34.235327946563402, 0.0 ], [ -118.116055759906004, 34.2353244761483, 0.0 ], [ -118.116048290091001, 34.235326322805399, 0.0 ], [ -118.116042578302, 34.235327718592302, 0.0 ], [ -118.116025000421999, 34.235331964120299, 0.0 ], [ -118.116017730948002, 34.235334383530002, 0.0 ], [ -118.115996858903003, 34.235340926656498, 0.0 ], [ -118.115977676843997, 34.235347454791302, 0.0 ], [ -118.115921604986994, 34.235364874933303, 0.0 ], [ -118.115890064986999, 34.235373753933303, 0.0 ], [ -118.115871314228002, 34.235378853481599, 0.0 ], [ -118.115844290978004, 34.235385946010503, 0.0 ], [ -118.115825130470995, 34.235391231847203, 0.0 ], [ -118.115500587392006, 34.235430165300599, 0.0 ], [ -118.115179008455002, 34.235371590459899, 0.0 ], [ -118.114984802367999, 34.235270549301497, 0.0 ], [ -118.114947821751002, 34.235262833133902, 0.0 ], [ -118.114868468629993, 34.235297292700899, 0.0 ], [ -118.114835220629999, 34.235305230700902, 0.0 ], [ -118.114416436712006, 34.235322756541798, 0.0 ], [ -118.114377658069003, 34.235308897016601, 0.0 ], [ -118.114358515148993, 34.235309830651303, 0.0 ], [ -118.114265747811999, 34.235326686194, 0.0 ], [ -118.114176944587001, 34.235313328318199, 0.0 ], [ -118.114165609397006, 34.235315494529999, 0.0 ], [ -118.114039346397007, 34.235315060529999, 0.0 ], [ -118.114039379982998, 34.235305289397502, 0.0 ], [ -118.113836475713001, 34.2352979843265, 0.0 ], [ -118.113758197712997, 34.235282928326498, 0.0 ], [ -118.113750896457006, 34.235280265114703, 0.0 ], [ -118.113734055058998, 34.235280410571796, 0.0 ], [ -118.113624706058999, 34.235264379571703, 0.0 ], [ -118.113504109716004, 34.235239708436197, 0.0 ], [ -118.113422142716004, 34.235218077436301, 0.0 ], [ -118.113355624166005, 34.235195214686598, 0.0 ], [ -118.113318657894993, 34.235189214567001, 0.0 ], [ -118.113216341927995, 34.235177717803801, 0.0 ], [ -118.113185559035998, 34.235163578690198, 0.0 ], [ -118.113162185883994, 34.235158310163698, 0.0 ], [ -118.113142097207998, 34.235151366298602, 0.0 ], [ -118.113018822948007, 34.235148832329003, 0.0 ], [ -118.112980788947993, 34.235144419329004, 0.0 ], [ -118.112947245692993, 34.235135515147903, 0.0 ], [ -118.112879560264005, 34.2351441792052, 0.0 ], [ -118.112501286024994, 34.235055915301302, 0.0 ], [ -118.112482878110995, 34.235047969218598, 0.0 ], [ -118.112464385977006, 34.235043108830403, 0.0 ], [ -118.112465317043998, 34.235039566432803, 0.0 ], [ -118.112465029017997, 34.235039397990299, 0.0 ], [ -118.112330888361996, 34.235008781115603, 0.0 ], [ -118.112297675362001, 34.234996610115701, 0.0 ], [ -118.11229178408, 34.234994432056702, 0.0 ], [ -118.11225949208, 34.234982388056601, 0.0 ], [ -118.112096163974996, 34.234905600694901, 0.0 ], [ -118.112067801975002, 34.234889287694898, 0.0 ], [ -118.111902344374997, 34.234749300681997, 0.0 ], [ -118.111900940954001, 34.234750976457498, 0.0 ], [ -118.111889860846006, 34.234741697141303, 0.0 ], [ -118.111884395763994, 34.234737120843597, 0.0 ], [ -118.111880142903999, 34.2347335583068, 0.0 ], [ -118.111864620307998, 34.234717913111503, 0.0 ], [ -118.111804374361995, 34.2347009061289, 0.0 ], [ -118.111801950933, 34.234707600028997, 0.0 ], [ -118.111771174932997, 34.234696458028999, 0.0 ], [ -118.111752239715997, 34.234686188906302, 0.0 ], [ -118.111734798111996, 34.234681265271199, 0.0 ], [ -118.111718558112003, 34.234673570271298, 0.0 ], [ -118.111705580960006, 34.234667417659502, 0.0 ], [ -118.111708044883997, 34.234662220753798, 0.0 ], [ -118.111688797813997, 34.234651782504002, 0.0 ], [ -118.111677966333005, 34.234653609436897, 0.0 ], [ -118.111677533473994, 34.234651043112798, 0.0 ], [ -118.111561605120997, 34.234678676934301, 0.0 ], [ -118.111353078175995, 34.234669263332101, 0.0 ], [ -118.111299667403998, 34.234680111428403, 0.0 ], [ -118.111162677767993, 34.234664503761998, 0.0 ], [ -118.110921424921997, 34.234670465290201, 0.0 ], [ -118.110581748382003, 34.234564820265298, 0.0 ], [ -118.110543538382004, 34.234545667265202, 0.0 ], [ -118.110505296952994, 34.234515707102197, 0.0 ], [ -118.110446303760995, 34.234497843024599, 0.0 ], [ -118.110316093174006, 34.234400029559701, 0.0 ], [ -118.110268794698996, 34.2343692017973, 0.0 ], [ -118.110262902109, 34.234368048849902, 0.0 ], [ -118.110207258927005, 34.234351810123599, 0.0 ], [ -118.110191020315, 34.2343532915582, 0.0 ], [ -118.110162828745999, 34.234351770499202, 0.0 ], [ -118.110022791584996, 34.234379272700203, 0.0 ], [ -118.109988538585, 34.234381727700203, 0.0 ], [ -118.109827925355006, 34.234370743264797, 0.0 ], [ -118.109647531307999, 34.2343795974367, 0.0 ], [ -118.109333563735007, 34.234300184076197, 0.0 ], [ -118.109180255309994, 34.234207341729402, 0.0 ], [ -118.109065921408998, 34.234189168286399, 0.0 ], [ -118.109045563145997, 34.2341826935412, 0.0 ], [ -118.108737333197993, 34.234116250290199, 0.0 ], [ -118.108705468660006, 34.234098223189903, 0.0 ], [ -118.108702798547, 34.234097717198303, 0.0 ], [ -118.108514306689003, 34.234006414721399, 0.0 ], [ -118.108421014594001, 34.233968380852097, 0.0 ], [ -118.108342401263002, 34.233953973542398, 0.0 ], [ -118.108310126263007, 34.233946717542402, 0.0 ], [ -118.108265547803995, 34.233930225601199, 0.0 ], [ -118.108062202119996, 34.233949162419798, 0.0 ], [ -118.107897080076995, 34.233910123647398, 0.0 ], [ -118.107831387117997, 34.233907259509799, 0.0 ], [ -118.107791947118002, 34.233902485509802, 0.0 ], [ -118.107793935385999, 34.233886059602398, 0.0 ], [ -118.107791904790005, 34.233885745487598, 0.0 ], [ -118.107742662031995, 34.233883212266399, 0.0 ], [ -118.107704595602996, 34.233872239543999, 0.0 ], [ -118.107564284342004, 34.233850534657797, 0.0 ], [ -118.107430318341997, 34.233804294657801, 0.0 ], [ -118.107390630338003, 34.233782820289903, 0.0 ], [ -118.107336380668997, 34.2337718710804, 0.0 ], [ -118.107202521063002, 34.2337256675617, 0.0 ], [ -118.106747178736001, 34.233568500793901, 0.0 ], [ -118.106721798077999, 34.2335593891587, 0.0 ], [ -118.106684676078004, 34.233545544158801, 0.0 ], [ -118.106592243929001, 34.233492793916298, 0.0 ], [ -118.106483729404005, 34.233464206639603, 0.0 ], [ -118.106209198835003, 34.233294649710203, 0.0 ], [ -118.106170859651002, 34.2332510977526, 0.0 ], [ -118.106065273864999, 34.233224278679302, 0.0 ], [ -118.105861952416006, 34.233150606234098, 0.0 ], [ -118.105829456416004, 34.233135048234203, 0.0 ], [ -118.105572958997001, 34.232964166160798, 0.0 ], [ -118.105536485022, 34.232920929796997, 0.0 ], [ -118.105521769907, 34.232907933758902, 0.0 ], [ -118.105495850907005, 34.2328841077588, 0.0 ], [ -118.105292572935994, 34.232632303250298, 0.0 ], [ -118.105229180400002, 34.232474781696702, 0.0 ], [ -118.105192739233999, 34.2324272168674, 0.0 ], [ -118.105014875456007, 34.232277519373199, 0.0 ], [ -118.105002425398993, 34.2322719023297, 0.0 ], [ -118.104993834964006, 34.232263363684702, 0.0 ], [ -118.104981973109005, 34.232260218186397, 0.0 ], [ -118.104703196361001, 34.232085066203901, 0.0 ], [ -118.104672397361, 34.232058495203901, 0.0 ], [ -118.104506087247003, 34.231857756460599, 0.0 ], [ -118.104502488842002, 34.231854695133499, 0.0 ], [ -118.104384140636995, 34.231797999902803, 0.0 ], [ -118.104356481636998, 34.231775841902802, 0.0 ], [ -118.104250185637994, 34.231670936763798, 0.0 ], [ -118.104173402797002, 34.231599506320997, 0.0 ], [ -118.104146266797002, 34.231570883321098, 0.0 ], [ -118.104052791434995, 34.231458038288601, 0.0 ], [ -118.104031398434998, 34.231428377288601, 0.0 ], [ -118.103943795321001, 34.231255049808198, 0.0 ], [ -118.103936139336, 34.231258984509203, 0.0 ], [ -118.103921869336006, 34.231231218509102, 0.0 ], [ -118.103901223527998, 34.231175805444401, 0.0 ], [ -118.103861674881998, 34.231100257349702, 0.0 ], [ -118.103853441881995, 34.231081358349698, 0.0 ], [ -118.103766176069996, 34.2307359802587, 0.0 ], [ -118.103774392345002, 34.2306324815683, 0.0 ], [ -118.103703492080996, 34.230541798057097, 0.0 ], [ -118.103687061081004, 34.230514865057003, 0.0 ], [ -118.103686312939004, 34.230513368184802, 0.0 ], [ -118.103683975674002, 34.230510875020997, 0.0 ], [ -118.103659150674005, 34.230478064021, 0.0 ], [ -118.103636122123007, 34.230446470917201, 0.0 ], [ -118.103625349352995, 34.2304311234926, 0.0 ], [ -118.103614203334999, 34.230416166231599, 0.0 ], [ -118.103501859030004, 34.2303298310297, 0.0 ], [ -118.103411911768006, 34.230271639626203, 0.0 ], [ -118.103359251667001, 34.230207750425997, 0.0 ], [ -118.103296261245006, 34.230158111131502, 0.0 ], [ -118.103264776971002, 34.2301134690832, 0.0 ], [ -118.103174568732996, 34.2300349136246, 0.0 ], [ -118.103096432501999, 34.229900690977303, 0.0 ], [ -118.103006501164998, 34.229786375509903, 0.0 ], [ -118.103003882219994, 34.229779149139198, 0.0 ], [ -118.102973079959995, 34.229747382433899, 0.0 ], [ -118.102951042960001, 34.2297150124339, 0.0 ], [ -118.102902575136, 34.229622424963502, 0.0 ], [ -118.102850624005001, 34.229553532822699, 0.0 ], [ -118.102833699005004, 34.229528503822699, 0.0 ], [ -118.102827545468998, 34.2295153784235, 0.0 ], [ -118.102767211344997, 34.229481156838098, 0.0 ], [ -118.102709308344998, 34.229435834838199, 0.0 ], [ -118.102484670528, 34.229197941485999, 0.0 ], [ -118.102340328221004, 34.228904307880399, 0.0 ], [ -118.102289163503997, 34.228581139862797, 0.0 ], [ -118.102288587462994, 34.228499859628599, 0.0 ], [ -118.1022013348, 34.2282982461291, 0.0 ], [ -118.102188988579996, 34.2281929415755, 0.0 ], [ -118.102172282886002, 34.228170522864303, 0.0 ], [ -118.102099382567999, 34.227997474190303, 0.0 ], [ -118.102070516770993, 34.227956200133299, 0.0 ], [ -118.102059246550994, 34.227916249998103, 0.0 ], [ -118.101934791792999, 34.227819928442102, 0.0 ], [ -118.101742606992005, 34.2275391359222, 0.0 ], [ -118.101651660301997, 34.227348057162999, 0.0 ], [ -118.101511181486003, 34.227397516038899, 0.0 ], [ -118.101478336401996, 34.227425271483398, 0.0 ], [ -118.101318239402005, 34.227520018483403, 0.0 ], [ -118.101136524642996, 34.227588247298897, 0.0 ], [ -118.101065786587995, 34.227649331943702, 0.0 ], [ -118.100933102862996, 34.227747479422703, 0.0 ], [ -118.100597176863005, 34.2279587754226, 0.0 ], [ -118.100311452108002, 34.228079578979703, 0.0 ], [ -118.100262504696005, 34.228332879971703, 0.0 ], [ -118.100110534451005, 34.228619208394797, 0.0 ], [ -118.099899619450994, 34.228904581394801, 0.0 ], [ -118.099684973593995, 34.229122979108801, 0.0 ], [ -118.099418254704005, 34.2292734166017, 0.0 ], [ -118.099301342253, 34.229301166074201, 0.0 ], [ -118.099242943231999, 34.2294207164733, 0.0 ], [ -118.099013147164001, 34.229662440971403, 0.0 ], [ -118.098721254108995, 34.229823795892699, 0.0 ], [ -118.0983943321, 34.229889818359297, 0.0 ], [ -118.098063470946002, 34.2299051869011, 0.0 ], [ -118.098010143867995, 34.230102138848302, 0.0 ], [ -118.097801922027003, 34.230405306736401, 0.0 ], [ -118.097505080088993, 34.230622451772398, 0.0 ], [ -118.097170590786007, 34.230723786072701, 0.0 ], [ -118.097173752106002, 34.230838943033199, 0.0 ], [ -118.097058690249995, 34.231193052694898, 0.0 ], [ -118.096831646813996, 34.231488152951599, 0.0 ], [ -118.096518861505999, 34.231690138679497, 0.0 ], [ -118.096235602717002, 34.231756992596097, 0.0 ], [ -118.096184559966005, 34.231880259408101, 0.0 ], [ -118.096229321577994, 34.232094380477101, 0.0 ], [ -118.096201233187998, 34.232413770685902, 0.0 ], [ -118.096081856142007, 34.232711341154797, 0.0 ], [ -118.095881420867002, 34.232961590557302, 0.0 ], [ -118.095738431811995, 34.233059768266997, 0.0 ], [ -118.095783818, 34.233368885000097, 0.0 ], [ -118.095783818, 34.233554656, 0.0 ], [ -118.095737883322002, 34.2338685169942, 0.0 ], [ -118.095603932325005, 34.234156051077001, 0.0 ], [ -118.095393200925997, 34.234393139659197, 0.0 ], [ -118.095123365443001, 34.2345598955607, 0.0 ], [ -118.095108830117994, 34.234563807433098, 0.0 ], [ -118.094925676757001, 34.234737626461602, 0.0 ], [ -118.094574037673993, 34.234889506714801, 0.0 ], [ -118.094422818674005, 34.234925224714701, 0.0 ], [ -118.094349731033006, 34.2349398815252, 0.0 ], [ -118.094241717033, 34.234957742525097, 0.0 ], [ -118.093971616049998, 34.234957899332002, 0.0 ], [ -118.093840248413997, 34.235080425052303, 0.0 ], [ -118.093493906351, 34.235228833137498, 0.0 ], [ -118.093334769774998, 34.235266422325203, 0.0 ], [ -118.093009816315003, 34.235382673672902, 0.0 ], [ -118.092660575661995, 34.2353907894543, 0.0 ], [ -118.092401342662001, 34.2353550694544, 0.0 ], [ -118.091963121117999, 34.235194273320502, 0.0 ], [ -118.091682285117997, 34.235015680320501, 0.0 ], [ -118.091502045998993, 34.234862364134202, 0.0 ], [ -118.091240665583001, 34.234743665025398, 0.0 ], [ -118.090994126506004, 34.2345233277331, 0.0 ], [ -118.090824579970999, 34.234239454502102, 0.0 ], [ -118.090733507970995, 34.234015913502098, 0.0 ], [ -118.090709893992994, 34.233920420677997, 0.0 ], [ -118.090684031864001, 34.233962807036498, 0.0 ], [ -118.090346289576004, 34.234212678783798, 0.0 ], [ -118.090189209575996, 34.234287391783901, 0.0 ], [ -118.089927531148007, 34.234373491496299, 0.0 ], [ -118.089702174023003, 34.234388314026702, 0.0 ], [ -118.089558971311007, 34.234572188670498, 0.0 ], [ -118.089432003311003, 34.234685561670403, 0.0 ], [ -118.089182886832006, 34.234852886631202, 0.0 ], [ -118.088897706981996, 34.234946316368301, 0.0 ], [ -118.088597873850006, 34.234958836574897, 0.0 ], [ -118.088389679849996, 34.234938851575102, 0.0 ], [ -118.088063554398005, 34.234855588701699, 0.0 ], [ -118.087860537769998, 34.234728728444701, 0.0 ], [ -118.087560671367001, 34.235027903621003, 0.0 ], [ -118.087306804557002, 34.235216650150399, 0.0 ], [ -118.087166435396995, 34.235267804533997, 0.0 ], [ -118.087151651320994, 34.235297889195003, 0.0 ], [ -118.087157016350005, 34.235328135260502, 0.0 ], [ -118.087215617487999, 34.235417244064003, 0.0 ], [ -118.087361313764006, 34.235746495846101, 0.0 ], [ -118.087392371551005, 34.236105201233201, 0.0 ], [ -118.087305434448993, 34.236454595109898, 0.0 ], [ -118.087109897708004, 34.236756918651601, 0.0 ], [ -118.086826892887998, 34.236979499901402, 0.0 ], [ -118.086487004180995, 34.237098284612898, 0.0 ], [ -118.086219989699003, 34.237144420148198, 0.0 ], [ -118.086092174835002, 34.237241538487702, 0.0 ], [ -118.085970708532997, 34.2373439705568, 0.0 ], [ -118.085718694117006, 34.237503388796803, 0.0 ], [ -118.085433019739995, 34.237588920028301, 0.0 ], [ -118.085134863215004, 34.2375942235902, 0.0 ], [ -118.084791811086006, 34.237553284986397, 0.0 ], [ -118.084547848683997, 34.237770858249597, 0.0 ], [ -118.084247926939994, 34.237907092942997, 0.0 ], [ -118.084128125326998, 34.237922080357301, 0.0 ], [ -118.084107691149001, 34.2380508284892, 0.0 ], [ -118.084061979148998, 34.238185081489199, 0.0 ], [ -118.083895085498995, 34.238497521886003, 0.0 ], [ -118.083637201067006, 34.238740355392302, 0.0 ], [ -118.083315300603005, 34.238888181586901, 0.0 ], [ -118.082963054946006, 34.238925537827399, 0.0 ], [ -118.082617309043002, 34.238848516645596, 0.0 ], [ -118.082314227967004, 34.2386651744687, 0.0 ], [ -118.082256694967, 34.238616076468603, 0.0 ], [ -118.082026641179993, 34.238343347035197, 0.0 ], [ -118.081896456628996, 34.238011145181098, 0.0 ], [ -118.081880479418004, 34.2376659987953, 0.0 ], [ -118.081303337839998, 34.237543957040899, 0.0 ], [ -118.081026772092997, 34.237445236277999, 0.0 ], [ -118.080786377663998, 34.237276580060801, 0.0 ], [ -118.080757868663994, 34.237250220060801, 0.0 ], [ -118.080734065281007, 34.237228210551699, 0.0 ], [ -118.080700551525993, 34.237200049609001, 0.0 ], [ -118.080616771519999, 34.2371218158669, 0.0 ], [ -118.080586916681, 34.237090858115302, 0.0 ], [ -118.080582658406001, 34.2370884222317, 0.0 ], [ -118.080573635403994, 34.237084358947399, 0.0 ], [ -118.080558351278, 34.237087108636103, 0.0 ], [ -118.080548192330994, 34.237090167876502, 0.0 ], [ -118.080525773711003, 34.237096659251101, 0.0 ], [ -118.080426805710999, 34.2371241762511, 0.0 ], [ -118.080212740137, 34.237161327639903, 0.0 ], [ -118.080113824137001, 34.237168510639798, 0.0 ], [ -118.079840553531, 34.2371540780372, 0.0 ], [ -118.079735137531003, 34.237135111037297, 0.0 ], [ -118.079631795588995, 34.237111300491897, 0.0 ], [ -118.079566121124003, 34.2370927785934, 0.0 ], [ -118.079556122143998, 34.237090668152803, 0.0 ], [ -118.079524123257002, 34.2370874850901, 0.0 ], [ -118.079439486810003, 34.237081727814399, 0.0 ], [ -118.079320634979993, 34.237067081301099, 0.0 ], [ -118.079234883980007, 34.237051715301099, 0.0 ], [ -118.078834021123001, 34.236893788451603, 0.0 ], [ -118.078756238123006, 34.236843571451502, 0.0 ], [ -118.078614798065004, 34.236734978436701, 0.0 ], [ -118.078556378236001, 34.236682033891903, 0.0 ], [ -118.078503055, 34.2366368299325, 0.0 ], [ -118.078423359221006, 34.236571410208498, 0.0 ], [ -118.078415459054, 34.236564998792403, 0.0 ], [ -118.078372105274994, 34.236548543267801, 0.0 ], [ -118.078319000275002, 34.236519070267803, 0.0 ], [ -118.078309413395999, 34.236513264536399, 0.0 ], [ -118.078263022776, 34.236493784103303, 0.0 ], [ -118.078120862309007, 34.236421493710999, 0.0 ], [ -118.078068555309002, 34.236389903711, 0.0 ], [ -118.078063122762998, 34.2363866227576, 0.0 ], [ -118.078049513186997, 34.236378267321101, 0.0 ], [ -118.077995962187003, 34.236344850321103, 0.0 ], [ -118.077917845496998, 34.236291275558798, 0.0 ], [ -118.077862728496996, 34.236249859558903, 0.0 ], [ -118.077775325855001, 34.236176770678803, 0.0 ], [ -118.077723859854999, 34.236128970678699, 0.0 ], [ -118.077710559981, 34.236115267410597, 0.0 ], [ -118.077689239934998, 34.236103285580803, 0.0 ], [ -118.077681488338001, 34.236099427408, 0.0 ], [ -118.077663327281002, 34.236091739067, 0.0 ], [ -118.077629300783997, 34.236078296894703, 0.0 ], [ -118.077600824007007, 34.236067723239103, 0.0 ], [ -118.077585203949994, 34.236061923247497, 0.0 ], [ -118.077489696455004, 34.236021115470898, 0.0 ], [ -118.077455359873994, 34.236009100803798, 0.0 ], [ -118.077446926966999, 34.236006600903302, 0.0 ], [ -118.077400881979997, 34.235989320326702, 0.0 ], [ -118.077392460789, 34.235987548210097, 0.0 ], [ -118.077341447649999, 34.236003716923399, 0.0 ], [ -118.077282683307004, 34.236020552875701, 0.0 ], [ -118.077217716307004, 34.236037218875701, 0.0 ], [ -118.077115066239003, 34.2360583746324, 0.0 ], [ -118.077036865238995, 34.236070624632397, 0.0 ], [ -118.076880309385004, 34.236083743515699, 0.0 ], [ -118.076794259384997, 34.236084760515702, 0.0 ], [ -118.076612987716004, 34.236071824410701, 0.0 ], [ -118.076534338716002, 34.236059591410701, 0.0 ], [ -118.076396556118993, 34.236028956375698, 0.0 ], [ -118.076326472119007, 34.236008555375598, 0.0 ], [ -118.076044111303005, 34.235880678697697, 0.0 ], [ -118.075991894303002, 34.235847412697701, 0.0 ], [ -118.075788125597995, 34.235679940193997, 0.0 ], [ -118.075746427598006, 34.235636257194102, 0.0 ], [ -118.075598502819005, 34.235441829707597, 0.0 ], [ -118.075580536426003, 34.2354117638574, 0.0 ], [ -118.075555358792002, 34.2353727553648, 0.0 ], [ -118.075533384473005, 34.235335298124802, 0.0 ], [ -118.075530856712007, 34.235334990500498, 0.0 ], [ -118.075425434400003, 34.235316899102401, 0.0 ], [ -118.075381515399997, 34.235307133102502, 0.0 ], [ -118.075370739175995, 34.235304679734803, 0.0 ], [ -118.075364923175997, 34.235303324734701, 0.0 ], [ -118.075329415179993, 34.235295051871901, 0.0 ], [ -118.075217757808005, 34.235262702678497, 0.0 ], [ -118.075136057807995, 34.235234252678403, 0.0 ], [ -118.074875365327998, 34.235102189160401, 0.0 ], [ -118.074658875490996, 34.2349058896651, 0.0 ], [ -118.074502001252995, 34.234659329702303, 0.0 ], [ -118.074471151252993, 34.234592563702201, 0.0 ], [ -118.074404977936993, 34.234381164793703, 0.0 ], [ -118.074379798937997, 34.234368659912803, 0.0 ], [ -118.074119575954001, 34.2340976461157, 0.0 ], [ -118.074052653004003, 34.2339479220906, 0.0 ], [ -118.074017019172004, 34.233912303857899, 0.0 ], [ -118.074010569444994, 34.233902987696503, 0.0 ], [ -118.073995404608993, 34.2338810833783, 0.0 ], [ -118.073863108820007, 34.233622207956401, 0.0 ], [ -118.073858347820007, 34.2336087199565, 0.0 ], [ -118.073848939095996, 34.233582061906802, 0.0 ], [ -118.073809643252005, 34.2333702650389, 0.0 ], [ -118.073715679749, 34.2333081568677, 0.0 ], [ -118.073577434637997, 34.2331157961938, 0.0 ], [ -118.073479369409, 34.2330936815478, 0.0 ], [ -118.073467036408999, 34.233089872547801, 0.0 ], [ -118.073296998426002, 34.2330212953866, 0.0 ], [ -118.073222589425995, 34.232983764386702, 0.0 ], [ -118.073214927959, 34.2329798993363, 0.0 ], [ -118.073077935388994, 34.232897742002798, 0.0 ], [ -118.072976326006, 34.2328262396233, 0.0 ], [ -118.072971027123003, 34.232822804100998, 0.0 ], [ -118.072942574899997, 34.232807188684397, 0.0 ], [ -118.072890040900006, 34.232777255684503, 0.0 ], [ -118.072854493563, 34.232756102355403, 0.0 ], [ -118.072819116505002, 34.232734135273397, 0.0 ], [ -118.072814943986998, 34.232733803000102, 0.0 ], [ -118.07280565, 34.232733803000102, 0.0 ], [ -118.072713167966, 34.232729891414301, 0.0 ], [ -118.072660667966005, 34.2327254424142, 0.0 ], [ -118.072550276539999, 34.232710400626999, 0.0 ], [ -118.072498110539996, 34.232700567626999, 0.0 ], [ -118.072443909518, 34.232688923280399, 0.0 ], [ -118.072392759517996, 34.232676572280397, 0.0 ], [ -118.072247674425, 34.232630663465898, 0.0 ], [ -118.072245055924995, 34.232629629772703, 0.0 ], [ -118.072234564968994, 34.232626748576003, 0.0 ], [ -118.072199345178007, 34.232616438365199, 0.0 ], [ -118.072177041177994, 34.232609501365303, 0.0 ], [ -118.072123969716003, 34.2325910404575, 0.0 ], [ -118.072077534223993, 34.232594152967302, 0.0 ], [ -118.072015295314003, 34.232594168209602, 0.0 ], [ -118.071965706141, 34.232594830299902, 0.0 ], [ -118.071917359333, 34.232596422583597, 0.0 ], [ -118.071858329286002, 34.232599311106398, 0.0 ], [ -118.071839139963998, 34.232600081521603, 0.0 ], [ -118.071785456963994, 34.232601765521601, 0.0 ], [ -118.071538804997004, 34.232581528585897, 0.0 ], [ -118.071486420997005, 34.232571177585797, 0.0 ], [ -118.071189895673001, 34.232466576124303, 0.0 ], [ -118.071141579672997, 34.232441227124298, 0.0 ], [ -118.071117611489996, 34.232428269489603, 0.0 ], [ -118.071070377490003, 34.232401969489601, 0.0 ], [ -118.071024257865005, 34.232374792644499, 0.0 ], [ -118.070984590864995, 34.232350092644602, 0.0 ], [ -118.070955311142995, 34.232331207786203, 0.0 ], [ -118.070918045143003, 34.232306323786098, 0.0 ], [ -118.070676371659999, 34.232086316477499, 0.0 ], [ -118.070638438659998, 34.232039650477503, 0.0 ], [ -118.070607374988995, 34.231999574449901, 0.0 ], [ -118.070578823988996, 34.23196092445, 0.0 ], [ -118.070578094216003, 34.231959897422001, 0.0 ], [ -118.070539268724005, 34.231917114465297, 0.0 ], [ -118.070510018723994, 34.231882747465299, 0.0 ], [ -118.070412913569996, 34.231749508854698, 0.0 ], [ -118.070391229570006, 34.2317144928546, 0.0 ], [ -118.070354034534006, 34.231649575250799, 0.0 ], [ -118.070335468533997, 34.231614441250898, 0.0 ], [ -118.070321435956004, 34.231585708814102, 0.0 ], [ -118.070311656794999, 34.231578959776897, 0.0 ], [ -118.070239974301998, 34.231507045391098, 0.0 ], [ -118.070235374034993, 34.231512637249999, 0.0 ], [ -118.070218634347, 34.231498865974601, 0.0 ], [ -118.070212688531996, 34.231493974594599, 0.0 ], [ -118.070087138486997, 34.231372673280603, 0.0 ], [ -118.070049355487001, 34.231329839280598, 0.0 ], [ -118.069986880230999, 34.231251024877302, 0.0 ], [ -118.069828103792005, 34.2311923770039, 0.0 ], [ -118.069563218929005, 34.230986136941297, 0.0 ], [ -118.069538085044002, 34.230949517743802, 0.0 ], [ -118.069498908298996, 34.230937366848003, 0.0 ], [ -118.069362084052997, 34.2309278963221, 0.0 ], [ -118.069329901052996, 34.230920795322099, 0.0 ], [ -118.068951819412007, 34.230758184315398, 0.0 ], [ -118.068897101345001, 34.230703596694198, 0.0 ], [ -118.068811441641998, 34.2306710336428, 0.0 ], [ -118.068526333847998, 34.230427214739699, 0.0 ], [ -118.068507166847994, 34.230404047739697, 0.0 ], [ -118.068326275928001, 34.2300924279917, 0.0 ], [ -118.068302953116003, 34.229974628734098, 0.0 ], [ -118.068292223962004, 34.229967600838201, 0.0 ], [ -118.068227426739995, 34.229920967384103, 0.0 ], [ -118.068217527966993, 34.229914368032098, 0.0 ], [ -118.068133143251004, 34.229852073937501, 0.0 ], [ -118.068088540049004, 34.2298157225312, 0.0 ], [ -118.068041826333996, 34.229777930594103, 0.0 ], [ -118.067952674254997, 34.229697322832202, 0.0 ], [ -118.067916922254994, 34.229661239832197, 0.0 ], [ -118.067879141988001, 34.2296211410711, 0.0 ], [ -118.067877911311001, 34.229619767221003, 0.0 ], [ -118.067875679273996, 34.2296177284137, 0.0 ], [ -118.067842640398993, 34.229586262645903, 0.0 ], [ -118.067800122399007, 34.229544045646001, 0.0 ], [ -118.067801345261003, 34.229542814065503, 0.0 ], [ -118.067661588326999, 34.229411679961402, 0.0 ], [ -118.067635997558995, 34.229379507639599, 0.0 ], [ -118.067615578920993, 34.229355224088899, 0.0 ], [ -118.067584779277993, 34.229319674817503, 0.0 ], [ -118.067587524553005, 34.229317296330699, 0.0 ], [ -118.067420740217003, 34.229108564010502, 0.0 ], [ -118.067376871216993, 34.229031851010497, 0.0 ], [ -118.067317547789003, 34.228928111107201, 0.0 ], [ -118.067285001928994, 34.228872099630401, 0.0 ], [ -118.067190392485998, 34.228798783163697, 0.0 ], [ -118.067177113485997, 34.228784257163603, 0.0 ], [ -118.067111712446007, 34.228705638286399, 0.0 ], [ -118.067070763445997, 34.228651455286503, 0.0 ], [ -118.067072585635998, 34.228650078159298, 0.0 ], [ -118.066951955283002, 34.228489393041599, 0.0 ], [ -118.066924289282994, 34.228440242041501, 0.0 ], [ -118.066921179594004, 34.228434679616797, 0.0 ], [ -118.066892779593999, 34.228383530616803, 0.0 ], [ -118.066824056323, 34.228234402109301, 0.0 ], [ -118.066805406322999, 34.228184368109403, 0.0 ], [ -118.066782702867002, 34.228116822418102, 0.0 ], [ -118.066766752866997, 34.228063706418098, 0.0 ], [ -118.066721135535005, 34.227786605030602, 0.0 ], [ -118.066719927535004, 34.227751706030503, 0.0 ], [ -118.06675028702, 34.2274550214334, 0.0 ], [ -118.066757801641003, 34.227424119845701, 0.0 ], [ -118.066746510342, 34.227423607282098, 0.0 ], [ -118.066712776070005, 34.227422075179902, 0.0 ], [ -118.066690082478004, 34.227420808425599, 0.0 ], [ -118.066648065478006, 34.2274180254256, 0.0 ], [ -118.066617936816002, 34.227415611875799, 0.0 ], [ -118.066575920816007, 34.227411661875898, 0.0 ], [ -118.066514264567999, 34.227404096095597, 0.0 ], [ -118.066468646567998, 34.227397180095601, 0.0 ], [ -118.066402614400005, 34.227385088361899, 0.0 ], [ -118.066357881399995, 34.227375471361903, 0.0 ], [ -118.066306896867005, 34.227363226544199, 0.0 ], [ -118.066265046867002, 34.2273521095441, 0.0 ], [ -118.066190838102003, 34.227329555274203, 0.0 ], [ -118.066153188102007, 34.2273166392742, 0.0 ], [ -118.066068943344007, 34.227283792644698, 0.0 ], [ -118.066031676343997, 34.2272674596448, 0.0 ], [ -118.065997124684003, 34.227251596215297, 0.0 ], [ -118.065951874684004, 34.227229862215196, 0.0 ], [ -118.065917508756002, 34.227212607018402, 0.0 ], [ -118.065866009755993, 34.227185607018399, 0.0 ], [ -118.065649413844994, 34.227036390465699, 0.0 ], [ -118.065618920844997, 34.227009450465701, 0.0 ], [ -118.065549060143994, 34.226941984004199, 0.0 ], [ -118.065539989144, 34.226932411004199, 0.0 ], [ -118.065522027124004, 34.226913454539797, 0.0 ], [ -118.065488952771005, 34.226876702715998, 0.0 ], [ -118.065436988944001, 34.226827597242803, 0.0 ], [ -118.065429659847993, 34.226819876300901, 0.0 ], [ -118.065415609308999, 34.226810368332004, 0.0 ], [ -118.065377554183996, 34.2267919411414, 0.0 ], [ -118.065273711141998, 34.226760063335803, 0.0 ], [ -118.065239845142003, 34.2267462793357, 0.0 ], [ -118.064948083464998, 34.226570307935198, 0.0 ], [ -118.064724517239, 34.226313191321097, 0.0 ], [ -118.064660668268999, 34.2261635745608, 0.0 ], [ -118.064630770321997, 34.226159342167499, 0.0 ], [ -118.064598290839996, 34.2261542459594, 0.0 ], [ -118.064556033911998, 34.226146964159703, 0.0 ], [ -118.064520559418995, 34.226141978643199, 0.0 ], [ -118.064418910506006, 34.226121811439697, 0.0 ], [ -118.064418688855994, 34.226121778204103, 0.0 ], [ -118.064418598347004, 34.2261217495072, 0.0 ], [ -118.064399799943004, 34.226118019892802, 0.0 ], [ -118.064353598943001, 34.226106119892897, 0.0 ], [ -118.064354784613002, 34.226101516604103, 0.0 ], [ -118.064238195992004, 34.226064550796004, 0.0 ], [ -118.064236024020005, 34.226071864220302, 0.0 ], [ -118.064197692020002, 34.226060480220298, 0.0 ], [ -118.064087629891006, 34.2260212933109, 0.0 ], [ -118.064080971891002, 34.226018514310901, 0.0 ], [ -118.063736545436001, 34.225790304515897, 0.0 ], [ -118.063713341435999, 34.225767581516003, 0.0 ], [ -118.063494504741996, 34.2254636625266, 0.0 ], [ -118.063473704718007, 34.225391443855003, 0.0 ], [ -118.063469971019998, 34.225383807686697, 0.0 ], [ -118.063461452400006, 34.225379623999501, 0.0 ], [ -118.063440044673996, 34.225359692207398, 0.0 ], [ -118.063320861628, 34.225288094505203, 0.0 ], [ -118.063293644628004, 34.225269161505302, 0.0 ], [ -118.063167950286996, 34.225151603495497, 0.0 ], [ -118.063148114062002, 34.225140429094097, 0.0 ], [ -118.063122080062001, 34.225120746094099, 0.0 ], [ -118.063036904458002, 34.225049273450303, 0.0 ], [ -118.063005188458007, 34.225019790450297, 0.0 ], [ -118.062964032031999, 34.2249778006138, 0.0 ], [ -118.062940171061996, 34.2249621710233, 0.0 ], [ -118.062735596447993, 34.224702315588502, 0.0 ], [ -118.062734563424002, 34.2247012290782, 0.0 ], [ -118.062732316505006, 34.224699812522097, 0.0 ], [ -118.062591994493999, 34.224639435538201, 0.0 ], [ -118.062557245494006, 34.224620986538199, 0.0 ], [ -118.062521483439994, 34.2245982339305, 0.0 ], [ -118.062519457796995, 34.2245972544723, 0.0 ], [ -118.062497484380003, 34.224586111841397, 0.0 ], [ -118.062455212390006, 34.224575698067802, 0.0 ], [ -118.062397280390002, 34.224550719067899, 0.0 ], [ -118.062055215737004, 34.224318172690801, 0.0 ], [ -118.061823787879007, 34.223975350300599, 0.0 ], [ -118.061811642878993, 34.223946928300499, 0.0 ], [ -118.061779083215001, 34.223803321458298, 0.0 ], [ -118.061770146092996, 34.223806055105896, 0.0 ], [ -118.061760562092999, 34.223774722105901, 0.0 ], [ -118.061736808375002, 34.223616865105697, 0.0 ], [ -118.061728327666003, 34.223579460302098, 0.0 ], [ -118.061569808422007, 34.223594065993701, 0.0 ], [ -118.061202388127001, 34.223497613082998, 0.0 ], [ -118.060890014126997, 34.223281457303202, 0.0 ], [ -118.060670263890003, 34.222971601416802, 0.0 ], [ -118.060636372543996, 34.222900090077196, 0.0 ], [ -118.06063412172, 34.222895543415497, 0.0 ], [ -118.060137785796996, 34.222378212703603, 0.0 ], [ -118.060024605511998, 34.222239022503302, 0.0 ], [ -118.059991461511999, 34.222190649503403, 0.0 ], [ -118.059821953100993, 34.221791128849098, 0.0 ], [ -118.059715009650006, 34.221268429365303, 0.0 ], [ -118.059559259487003, 34.220940738797601, 0.0 ], [ -118.059472238252994, 34.220815578657799, 0.0 ], [ -118.059465783340997, 34.220801732467599, 0.0 ], [ -118.059151817781, 34.220688021986803, 0.0 ], [ -118.058865554459004, 34.220532867724501, 0.0 ], [ -118.058637555415999, 34.220300411337298, 0.0 ], [ -118.058487971938007, 34.220011198062799, 0.0 ], [ -118.058430024689002, 34.219690789493299, 0.0 ], [ -118.058402128509002, 34.218752456895501, 0.0 ], [ -118.058301859422002, 34.218252665065002, 0.0 ], [ -118.058239516296993, 34.218072840237603, 0.0 ], [ -118.058179094582997, 34.2177164617394, 0.0 ], [ -118.058237967696996, 34.2173598241449, 0.0 ], [ -118.058409723078, 34.217041773037799, 0.0 ], [ -118.058675652830999, 34.216796951095098, 0.0 ], [ -118.058845456073996, 34.216722634889699, 0.0 ], [ -118.058888878865005, 34.2166365397186, 0.0 ], [ -118.059118633232004, 34.216329861325498, 0.0 ], [ -118.059439969566995, 34.216121099103901, 0.0 ], [ -118.059813552416998, 34.216035808074899, 0.0 ], [ -118.060267892857993, 34.216013702228103, 0.0 ], [ -118.060695230329998, 34.215836113631099, 0.0 ], [ -118.060853559199998, 34.215784049944602, 0.0 ], [ -118.061236791198994, 34.2156896439447, 0.0 ], [ -118.061293370336003, 34.215677283092603, 0.0 ], [ -118.061418685335994, 34.215653358092602, 0.0 ], [ -118.061430908202993, 34.215651096329701, 0.0 ], [ -118.061690130035998, 34.215604648809801, 0.0 ], [ -118.061684405017004, 34.2155072852186, 0.0 ], [ -118.061653824108006, 34.215475245491099, 0.0 ], [ -118.061629390107996, 34.215447461491102, 0.0 ], [ -118.061615027648003, 34.215430795262598, 0.0 ], [ -118.061591510648, 34.215402945262703, 0.0 ], [ -118.061548885676999, 34.2153491318915, 0.0 ], [ -118.061529635677005, 34.215323198891497, 0.0 ], [ -118.061457468315993, 34.215212623140403, 0.0 ], [ -118.061438499920996, 34.215179333744402, 0.0 ], [ -118.061422759338996, 34.215152591017301, 0.0 ], [ -118.061373505727005, 34.215058812514201, 0.0 ], [ -118.061368024174001, 34.215047023586799, 0.0 ], [ -118.061108870767001, 34.215171693896401, 0.0 ], [ -118.060755646526999, 34.215215007922303, 0.0 ], [ -118.060170603526998, 34.215190907922398, 0.0 ], [ -118.059960490042997, 34.215150825707099, 0.0 ], [ -118.059935944111004, 34.215309184299898, 0.0 ], [ -118.059786588562005, 34.215609630148201, 0.0 ], [ -118.059553287068994, 34.215850763309298, 0.0 ], [ -118.059257934505993, 34.216009953923397, 0.0 ], [ -118.058995826506006, 34.216102838923497, 0.0 ], [ -118.058929981060004, 34.216115936706899, 0.0 ], [ -118.058897333684996, 34.216131078714298, 0.0 ], [ -118.058659766684997, 34.216201540714202, 0.0 ], [ -118.058241021962004, 34.216241483364897, 0.0 ], [ -118.058172718026995, 34.216220998674402, 0.0 ], [ -118.058105058462004, 34.216282572395698, 0.0 ], [ -118.058073731492001, 34.2163031380448, 0.0 ], [ -118.057938487480996, 34.216396491535498, 0.0 ], [ -118.057912623540005, 34.216418503723297, 0.0 ], [ -118.057789038688, 34.216523686328301, 0.0 ], [ -118.057771849649001, 34.216540219545401, 0.0 ], [ -118.057697597534997, 34.216605451068801, 0.0 ], [ -118.057659992534994, 34.216635593068801, 0.0 ], [ -118.057649690126993, 34.216640593146103, 0.0 ], [ -118.057644965673006, 34.216646126996501, 0.0 ], [ -118.057350469778996, 34.216825807954699, 0.0 ], [ -118.057014692718994, 34.216904971357899, 0.0 ], [ -118.056874302203994, 34.216915292175202, 0.0 ], [ -118.056561774369996, 34.216938269015898, 0.0 ], [ -118.056085538637006, 34.216867147195998, 0.0 ], [ -118.055832224637001, 34.2167689311961, 0.0 ], [ -118.055668608795997, 34.216687281870897, 0.0 ], [ -118.055559995875996, 34.216656347811501, 0.0 ], [ -118.055219323992006, 34.216491300815903, 0.0 ], [ -118.054955187428007, 34.216220137177601, 0.0 ], [ -118.054943016432006, 34.216193237545497, 0.0 ], [ -118.054931707926002, 34.216186762538896, 0.0 ], [ -118.054683562269005, 34.216109369568201, 0.0 ], [ -118.054602062279997, 34.216085180822397, 0.0 ], [ -118.054596528271006, 34.216085139566502, 0.0 ], [ -118.054596540180995, 34.2160835418942, 0.0 ], [ -118.054563947513998, 34.216073868571002, 0.0 ], [ -118.054391996103007, 34.216067259032101, 0.0 ], [ -118.054086863912005, 34.215961227706501, 0.0 ], [ -118.053825934461003, 34.215770796308298, 0.0 ], [ -118.053631905992006, 34.215512530457801, 0.0 ], [ -118.053521657036001, 34.215208896691898, 0.0 ], [ -118.053494657035998, 34.2150758966919, 0.0 ], [ -118.053481712343995, 34.214718274502196, 0.0 ], [ -118.053584737791994, 34.214375569158399, 0.0 ], [ -118.053792734566997, 34.214084367274197, 0.0 ], [ -118.054031431327004, 34.213913112227502, 0.0 ], [ -118.054098125696001, 34.213846855047201, 0.0 ], [ -118.054151185690003, 34.213822204005801, 0.0 ], [ -118.054268067047005, 34.213647440475903, 0.0 ], [ -118.054404097046998, 34.2134993954758, 0.0 ], [ -118.054411680493999, 34.213491226047303, 0.0 ], [ -118.054472099494006, 34.213426799047397, 0.0 ], [ -118.054649248003997, 34.213274352318699, 0.0 ], [ -118.054737069004005, 34.213213793318602, 0.0 ], [ -118.054848984182001, 34.213136620195698, 0.0 ], [ -118.054968606003996, 34.213054132008203, 0.0 ], [ -118.055039590733998, 34.213009101439503, 0.0 ], [ -118.055051529734001, 34.213002155439497, 0.0 ], [ -118.055179303515999, 34.212927821767302, 0.0 ], [ -118.055431722939005, 34.212820687986799, 0.0 ], [ -118.055601789367003, 34.212772543878501, 0.0 ], [ -118.055626737861999, 34.212716310388998, 0.0 ], [ -118.055862732535005, 34.212457278253197, 0.0 ], [ -118.056168457159004, 34.212286036938501, 0.0 ], [ -118.056371183159001, 34.212212055938402, 0.0 ], [ -118.056532795289996, 34.212181090198399, 0.0 ], [ -118.056498827408006, 34.212167090404201, 0.0 ], [ -118.056498443446003, 34.212168021806001, 0.0 ], [ -118.056460276446003, 34.212152287805999, 0.0 ], [ -118.056448396975995, 34.212146305603603, 0.0 ], [ -118.056446364875995, 34.212145468077502, 0.0 ], [ -118.056419638235994, 34.212131823424798, 0.0 ], [ -118.056409551122997, 34.212126743808, 0.0 ], [ -118.056383380903995, 34.212132627553302, 0.0 ], [ -118.056069358209001, 34.212111488735403, 0.0 ], [ -118.056033557209005, 34.212103805735403, 0.0 ], [ -118.055601084269995, 34.211905261295698, 0.0 ], [ -118.055571251269996, 34.2118826112957, 0.0 ], [ -118.055420289593002, 34.211703224703903, 0.0 ], [ -118.055374309195003, 34.211679662596097, 0.0 ], [ -118.055368523913003, 34.211679719073302, 0.0 ], [ -118.055329842912997, 34.211677120073396, 0.0 ], [ -118.055244943342998, 34.2116546185255, 0.0 ], [ -118.055230773977001, 34.211651360715102, 0.0 ], [ -118.055230881813003, 34.2116508916966, 0.0 ], [ -118.055161492772996, 34.211632501016901, 0.0 ], [ -118.055048896860995, 34.211623503584299, 0.0 ], [ -118.054952162719005, 34.211577020757197, 0.0 ], [ -118.054925820422994, 34.211570039067702, 0.0 ], [ -118.054904702488002, 34.211554215099703, 0.0 ], [ -118.054687462811998, 34.2114498267823, 0.0 ], [ -118.054675628547997, 34.211441161111701, 0.0 ], [ -118.054666018554002, 34.211434281964998, 0.0 ], [ -118.054620178912998, 34.2113996139636, 0.0 ], [ -118.054591971912998, 34.211377093963598, 0.0 ], [ -118.054470679565, 34.211244746990801, 0.0 ], [ -118.054443554624001, 34.2112320164658, 0.0 ], [ -118.054309989424993, 34.211104844424703, 0.0 ], [ -118.054089179827997, 34.210967799884898, 0.0 ], [ -118.054027177880002, 34.210902262677799, 0.0 ], [ -118.054011174948002, 34.210892215472199, 0.0 ], [ -118.053982991948004, 34.210868949472101, 0.0 ], [ -118.053909173836999, 34.210788523210901, 0.0 ], [ -118.053691999432004, 34.210637446283897, 0.0 ], [ -118.053669399431996, 34.210615563284001, 0.0 ], [ -118.053530262056, 34.210451416047597, 0.0 ], [ -118.053520694895994, 34.210437572634099, 0.0 ], [ -118.053392824414999, 34.2103125743362, 0.0 ], [ -118.053305520863006, 34.210239545853902, 0.0 ], [ -118.053290920603004, 34.2102175989424, 0.0 ], [ -118.053260821859993, 34.210202262829803, 0.0 ], [ -118.053148601321993, 34.210136409008499, 0.0 ], [ -118.053119535321997, 34.2101169430086, 0.0 ], [ -118.053093492499002, 34.210099492400303, 0.0 ], [ -118.053078041244007, 34.210084994204401, 0.0 ], [ -118.053009414513994, 34.210062367331702, 0.0 ], [ -118.052980680513997, 34.210046216331797, 0.0 ], [ -118.052969781439998, 34.210038816109403, 0.0 ], [ -118.052869320971993, 34.210012832772698, 0.0 ], [ -118.052592049238001, 34.209842296169299, 0.0 ], [ -118.052588429357002, 34.209839243639898, 0.0 ], [ -118.052573583669002, 34.209832956779202, 0.0 ], [ -118.052546284669006, 34.209816889779198, 0.0 ], [ -118.052515274504003, 34.209797938909702, 0.0 ], [ -118.052487941503998, 34.209780605909799, 0.0 ], [ -118.052404914288999, 34.209712304874898, 0.0 ], [ -118.052396682077003, 34.209708283909301, 0.0 ], [ -118.052319339950003, 34.209656137282998, 0.0 ], [ -118.052318681160997, 34.209657324587397, 0.0 ], [ -118.052285880160994, 34.209639124587397, 0.0 ], [ -118.052233762393001, 34.209608292011097, 0.0 ], [ -118.052203264393, 34.2095890920111, 0.0 ], [ -118.052182602437995, 34.209573099354898, 0.0 ], [ -118.052078501159002, 34.209584577520999, 0.0 ], [ -118.051943998634002, 34.209560180687397, 0.0 ], [ -118.051878080546004, 34.209561357344498, 0.0 ], [ -118.051838347545996, 34.209554774344397, 0.0 ], [ -118.051714617865997, 34.2095221368333, 0.0 ], [ -118.051621754365996, 34.209507032962101, 0.0 ], [ -118.051349211811001, 34.209379814684198, 0.0 ], [ -118.051321378810997, 34.209361798684199, 0.0 ], [ -118.051083660729006, 34.2091536296223, 0.0 ], [ -118.050915265572996, 34.2088862585017, 0.0 ], [ -118.050877141106, 34.208749854211497, 0.0 ], [ -118.050854599979999, 34.208706587041803, 0.0 ], [ -118.050844582980005, 34.208679687041801, 0.0 ], [ -118.050831347623998, 34.208586011200197, 0.0 ], [ -118.050830209739999, 34.208581940000599, 0.0 ], [ -118.050825742740003, 34.208547173000603, 0.0 ], [ -118.050825438638, 34.208544189187499, 0.0 ], [ -118.050815991012001, 34.208477321745498, 0.0 ], [ -118.050740225406003, 34.2083800959863, 0.0 ], [ -118.050723676095998, 34.208354676223998, 0.0 ], [ -118.050703795969, 34.208343571226798, 0.0 ], [ -118.050673495968994, 34.208321937226899, 0.0 ], [ -118.050646864616994, 34.208295692254303, 0.0 ], [ -118.050455265075996, 34.208127488758798, 0.0 ], [ -118.050443716884999, 34.208140054842701, 0.0 ], [ -118.050419433884997, 34.208117738842702, 0.0 ], [ -118.050297273419005, 34.207985354820103, 0.0 ], [ -118.050278390418995, 34.207961170820099, 0.0 ], [ -118.050246408801996, 34.207900188177099, 0.0 ], [ -118.050235630768995, 34.207888859606797, 0.0 ], [ -118.050228951212006, 34.2078809777123, 0.0 ], [ -118.050216506278005, 34.207868768503701, 0.0 ], [ -118.050154134514997, 34.207796671938702, 0.0 ], [ -118.050146447787995, 34.207788561841497, 0.0 ], [ -118.050144940742001, 34.207786545443298, 0.0 ], [ -118.050124162421994, 34.2077654111661, 0.0 ], [ -118.050082370431994, 34.207725467552301, 0.0 ], [ -118.050084230124, 34.207723521803899, 0.0 ], [ -118.049894564658999, 34.207533038924701, 0.0 ], [ -118.049846930208005, 34.207437857929101, 0.0 ], [ -118.049831877394993, 34.207413878245902, 0.0 ], [ -118.049779687118004, 34.207405901992502, 0.0 ], [ -118.049676034756004, 34.207353494842799, 0.0 ], [ -118.049674192186998, 34.2073580216205, 0.0 ], [ -118.049656074232004, 34.207350646930202, 0.0 ], [ -118.049643301299994, 34.2073454482491, 0.0 ], [ -118.049518476678003, 34.207273832694597, 0.0 ], [ -118.049471660869003, 34.207250162388597, 0.0 ], [ -118.049450372720003, 34.207234759452298, 0.0 ], [ -118.049388813942997, 34.207199441372801, 0.0 ], [ -118.049182218401995, 34.206991114453601, 0.0 ], [ -118.049162716837998, 34.206956456677702, 0.0 ], [ -118.049131404473997, 34.206936738865899, 0.0 ], [ -118.048937195085998, 34.206727062211101, 0.0 ], [ -118.048920278086001, 34.206703178211001, 0.0 ], [ -118.048769345753996, 34.206342910963301, 0.0 ], [ -118.048463661887993, 34.206298431791097, 0.0 ], [ -118.048428294887998, 34.206285965791103, 0.0 ], [ -118.048293366230993, 34.206217047482099, 0.0 ], [ -118.048097481073, 34.206183199279899, 0.0 ], [ -118.047983541337999, 34.206122567832303, 0.0 ], [ -118.047890362879997, 34.2060981845258, 0.0 ], [ -118.047571345623993, 34.205873168039801, 0.0 ], [ -118.047541650623998, 34.205842989039802, 0.0 ], [ -118.047467965967002, 34.205746887233502, 0.0 ], [ -118.047318592869999, 34.2055552826153, 0.0 ], [ -118.047283238676002, 34.205468215260403, 0.0 ], [ -118.047216215725996, 34.205432306631998, 0.0 ], [ -118.047144434551001, 34.205390264701101, 0.0 ], [ -118.047104401550996, 34.205364727701102, 0.0 ], [ -118.046927190660995, 34.205223948257398, 0.0 ], [ -118.046898844832, 34.205196195068197, 0.0 ], [ -118.046769578828005, 34.205180160453303, 0.0 ], [ -118.046547932856996, 34.205089288241503, 0.0 ], [ -118.046531495097, 34.205098815508002, 0.0 ], [ -118.046534907033006, 34.205105229650997, 0.0 ], [ -118.046516732032998, 34.205114897651001, 0.0 ], [ -118.046467737590007, 34.2051357691292, 0.0 ], [ -118.046449469682997, 34.205146357141999, 0.0 ], [ -118.046426031682998, 34.2051556981421, 0.0 ], [ -118.046425294947994, 34.205153849560901, 0.0 ], [ -118.046343320315998, 34.205188770495802, 0.0 ], [ -118.046341820167001, 34.205189261904998, 0.0 ], [ -118.046293173712002, 34.205208650558397, 0.0 ], [ -118.045969194784007, 34.205283443905003, 0.0 ], [ -118.045809545794, 34.205270984956698, 0.0 ], [ -118.045809181999005, 34.205278816131496, 0.0 ], [ -118.045730050998998, 34.205275140131597, 0.0 ], [ -118.045576956507006, 34.205257169118497, 0.0 ], [ -118.045493869506998, 34.205241424118597, 0.0 ], [ -118.045240183481994, 34.205160396888502, 0.0 ], [ -118.045013552930001, 34.205020537658299, 0.0 ], [ -118.044934097929996, 34.204956966658301, 0.0 ], [ -118.044705117174999, 34.204706399899699, 0.0 ], [ -118.044696060934996, 34.204686613679698, 0.0 ], [ -118.044689472650006, 34.204681140507802, 0.0 ], [ -118.044581262798999, 34.204511882682397, 0.0 ], [ -118.044580027329005, 34.204511577808702, 0.0 ], [ -118.044435891711004, 34.204465231004498, 0.0 ], [ -118.044242584705998, 34.204387958366503, 0.0 ], [ -118.043968515380996, 34.204326758794203, 0.0 ], [ -118.043772255779004, 34.2043461246367, 0.0 ], [ -118.043375036718004, 34.204312417617899, 0.0 ], [ -118.043016193899007, 34.204138777250201, 0.0 ], [ -118.042818444212003, 34.203928244030102, 0.0 ], [ -118.042661904794002, 34.2039022566426, 0.0 ], [ -118.042524227794004, 34.203856048642599, 0.0 ], [ -118.042193142597, 34.2036766422369, 0.0 ], [ -118.042008314349999, 34.203469558822498, 0.0 ], [ -118.041837665288, 34.203429758595199, 0.0 ], [ -118.041115177086994, 34.203167081655103, 0.0 ], [ -118.040539735150006, 34.202987259649703, 0.0 ], [ -118.040466289733004, 34.202961408764601, 0.0 ], [ -118.040184299760995, 34.202850740241999, 0.0 ], [ -118.040133291980993, 34.202851390118099, 0.0 ], [ -118.039862845545002, 34.202821021410699, 0.0 ], [ -118.039608235800998, 34.202724909954803, 0.0 ], [ -118.039065651032999, 34.202438623194197, 0.0 ], [ -118.039065139396001, 34.202438541176797, 0.0 ], [ -118.038961240809996, 34.202416673688703, 0.0 ], [ -118.038908038429994, 34.202402752200797, 0.0 ], [ -118.038590056700002, 34.202383153623103, 0.0 ], [ -118.038350946579001, 34.202341470985601, 0.0 ], [ -118.038044691788997, 34.202252203538201, 0.0 ], [ -118.037781643257006, 34.2022090876387, 0.0 ], [ -118.037521433281, 34.202132392608803, 0.0 ], [ -118.037314331996001, 34.202009666636101, 0.0 ], [ -118.03725784049, 34.201996383567099, 0.0 ], [ -118.037110643283, 34.201950629512503, 0.0 ], [ -118.036974488282993, 34.201897538512497, 0.0 ], [ -118.036695778473003, 34.201738386824701, 0.0 ], [ -118.036475170105007, 34.201505276624196, 0.0 ], [ -118.036331607475006, 34.201218225776898, 0.0 ], [ -118.036277418734002, 34.200901884192803, 0.0 ], [ -118.036317257228006, 34.200583417064301, 0.0 ], [ -118.036447701908997, 34.200290172110599, 0.0 ], [ -118.036657551104, 34.200047331148099, 0.0 ], [ -118.036773069104001, 34.1999478191481, 0.0 ], [ -118.037031195522999, 34.199782144943903, 0.0 ], [ -118.037325139641993, 34.199694543315303, 0.0 ], [ -118.037582728641993, 34.199655835315298, 0.0 ], [ -118.037838761901995, 34.199658839709201, 0.0 ], [ -118.037893987938006, 34.199537266703302, 0.0 ], [ -118.038103815658999, 34.199297294691497, 0.0 ], [ -118.038250448485996, 34.199205316938198, 0.0 ], [ -118.038269262876995, 34.199151453288501, 0.0 ], [ -118.038444920876998, 34.198844901288503, 0.0 ], [ -118.038477542321999, 34.1987915611939, 0.0 ], [ -118.038588714322003, 34.198620923193999, 0.0 ], [ -118.038739260856005, 34.198448793518303, 0.0 ], [ -118.038701597773994, 34.198322148477303, 0.0 ], [ -118.038700865075, 34.198009197367497, 0.0 ], [ -118.038711593075007, 34.197933627367398, 0.0 ], [ -118.038740453087001, 34.197833290831902, 0.0 ], [ -118.038656379434002, 34.197682030246199, 0.0 ], [ -118.038623064434006, 34.197579320246099, 0.0 ], [ -118.038569854269994, 34.197263514743597, 0.0 ], [ -118.038567720269995, 34.1971578447437, 0.0 ], [ -118.038564784244002, 34.197012415469302, 0.0 ], [ -118.038564572172007, 34.197001914749201, 0.0 ], [ -118.038531400612001, 34.196959029821002, 0.0 ], [ -118.038473122992002, 34.196942088715197, 0.0 ], [ -118.038380793287004, 34.196915541588901, 0.0 ], [ -118.038257780395, 34.196865008756198, 0.0 ], [ -118.038214731335003, 34.1968545255233, 0.0 ], [ -118.038073511478004, 34.196833301805, 0.0 ], [ -118.037807441658003, 34.196758016407401, 0.0 ], [ -118.037669058657997, 34.196699130407303, 0.0 ], [ -118.037563138934999, 34.196647151892599, 0.0 ], [ -118.037082578934999, 34.196378284892603, 0.0 ], [ -118.036825506067999, 34.1961791386926, 0.0 ], [ -118.036768115895001, 34.196097666619998, 0.0 ], [ -118.036733930656993, 34.196064296843502, 0.0 ], [ -118.036641890924002, 34.195962427878897, 0.0 ], [ -118.036609235924004, 34.195921381878897, 0.0 ], [ -118.036424258427004, 34.195576629683003, 0.0 ], [ -118.036404110427, 34.195514350682998, 0.0 ], [ -118.036384874326998, 34.195444112912199, 0.0 ], [ -118.036322339978994, 34.195395629279403, 0.0 ], [ -118.036316811979006, 34.195390667279497, 0.0 ], [ -118.036287316463003, 34.195363195054298, 0.0 ], [ -118.036190339463005, 34.195269479054303, 0.0 ], [ -118.036082054350999, 34.195127283768798, 0.0 ], [ -118.036026504999001, 34.195072229583403, 0.0 ], [ -118.036016279706004, 34.195058042722202, 0.0 ], [ -118.035885881064999, 34.194896714307902, 0.0 ], [ -118.035862772133001, 34.194867099304197, 0.0 ], [ -118.035838978678001, 34.194835504507203, 0.0 ], [ -118.035818058022997, 34.1948108015457, 0.0 ], [ -118.035719065744004, 34.1947683612362, 0.0 ], [ -118.035632827425005, 34.194726838403803, 0.0 ], [ -118.035530994425002, 34.194672202403801, 0.0 ], [ -118.035410696886998, 34.194597251982501, 0.0 ], [ -118.035216588886996, 34.194458106982502, 0.0 ], [ -118.034986097575, 34.194235106922697, 0.0 ], [ -118.034830083898001, 34.193954901633099, 0.0 ], [ -118.034774474898001, 34.193807653633002, 0.0 ], [ -118.034744811994997, 34.1937291083132, 0.0 ], [ -118.034435556863997, 34.193414761251397, 0.0 ], [ -118.034389336860997, 34.193364762272601, 0.0 ], [ -118.034069750860994, 34.192996726272597, 0.0 ], [ -118.034062710531003, 34.192988537408503, 0.0 ], [ -118.033850642524001, 34.1927393992056, 0.0 ], [ -118.033520877346007, 34.192373169985899, 0.0 ], [ -118.033478926285994, 34.192323710527297, 0.0 ], [ -118.033326023735995, 34.192132225358598, 0.0 ], [ -118.033273113834994, 34.192077863269297, 0.0 ], [ -118.033217714499997, 34.192035438183702, 0.0 ], [ -118.033059141744005, 34.191952009306902, 0.0 ], [ -118.033036648993004, 34.191940175541902, 0.0 ], [ -118.032990279054005, 34.1919157795218, 0.0 ], [ -118.032966967120998, 34.191903152125299, 0.0 ], [ -118.032727676121993, 34.191769764125297, 0.0 ], [ -118.032542445063001, 34.191666510670302, 0.0 ], [ -118.032133405596994, 34.191440633796198, 0.0 ], [ -118.031870535294999, 34.191238030394103, 0.0 ], [ -118.031680419726001, 34.190965991784701, 0.0 ], [ -118.031580516378995, 34.190649498094601, 0.0 ], [ -118.031579998946, 34.1903176115676, 0.0 ], [ -118.031615138388005, 34.190085955631702, 0.0 ], [ -118.031607629339007, 34.190078852147501, 0.0 ], [ -118.031312100389997, 34.189853273895302, 0.0 ], [ -118.031048669827996, 34.189807557768397, 0.0 ], [ -118.030805750850007, 34.189872256555198, 0.0 ], [ -118.030779494271002, 34.189878903132303, 0.0 ], [ -118.030627854271003, 34.189915300132398, 0.0 ], [ -118.030460274028002, 34.189955523188203, 0.0 ], [ -118.030244623146999, 34.190018045834996, 0.0 ], [ -118.030217468862006, 34.190025977984803, 0.0 ], [ -118.030069170304003, 34.190058340338901, 0.0 ], [ -118.030001629428, 34.190068237858597, 0.0 ], [ -118.029881217772001, 34.1901377164574, 0.0 ], [ -118.029499894398995, 34.190202515810299, 0.0 ], [ -118.029119825528994, 34.190130723574697, 0.0 ], [ -118.028959461528999, 34.190069591574598, 0.0 ], [ -118.028678026671002, 34.189911379757199, 0.0 ], [ -118.02845494844, 34.189677985967798, 0.0 ], [ -118.028435873454001, 34.189640148238603, 0.0 ], [ -118.028294517198006, 34.1895069401805, 0.0 ], [ -118.028171899217995, 34.189276522544503, 0.0 ], [ -118.028117283368999, 34.189277635619199, 0.0 ], [ -118.028050228248006, 34.189276948863899, 0.0 ], [ -118.027254388247997, 34.1892444128639, 0.0 ], [ -118.027228529116996, 34.189243049297197, 0.0 ], [ -118.026370482521003, 34.189187625208703, 0.0 ], [ -118.025734414997999, 34.189158954470699, 0.0 ], [ -118.025242509429006, 34.189227959136701, 0.0 ], [ -118.025121301045004, 34.189238141833798, 0.0 ], [ -118.024554477045001, 34.189254161833901, 0.0 ], [ -118.024351416293001, 34.189240990049299, 0.0 ], [ -118.023867671293004, 34.189164012049197, 0.0 ], [ -118.02357695229, 34.189075019552597, 0.0 ], [ -118.023321899690998, 34.188909534282402, 0.0 ], [ -118.023122167918999, 34.188680308579997, 0.0 ], [ -118.022993148363, 34.1884050066421, 0.0 ], [ -118.022889690363002, 34.188069371642101, 0.0 ], [ -118.022841279193997, 34.187766834772198, 0.0 ], [ -118.022878563096, 34.187462726058797, 0.0 ], [ -118.022998624357996, 34.187180844004899, 0.0 ], [ -118.023049634367993, 34.187096320141002, 0.0 ], [ -118.022988835180996, 34.187054992587001, 0.0 ], [ -118.022760051920002, 34.186846619180997, 0.0 ], [ -118.022598684985994, 34.186582570000802, 0.0 ], [ -118.022517616524993, 34.186283924455999, 0.0 ], [ -118.022521137031006, 34.186092889429297, 0.0 ], [ -118.020712205140995, 34.185695331667198, 0.0 ], [ -118.020424354686995, 34.185587950496299, 0.0 ], [ -118.020417525686995, 34.1855842394964, 0.0 ], [ -118.019197864351, 34.184921364045799, 0.0 ], [ -118.018788999551006, 34.185102797939699, 0.0 ], [ -118.01845444336, 34.185191431198703, 0.0 ], [ -118.018108934642001, 34.1851712464195, 0.0 ], [ -118.017786975099, 34.185044259207302, 0.0 ], [ -118.017777049098996, 34.185038385207299, 0.0 ], [ -118.016514481227006, 34.184291081432796, 0.0 ], [ -118.016187853028001, 34.184125530506897, 0.0 ], [ -118.015970292041999, 34.184164102933003, 0.0 ], [ -118.015954361883004, 34.184166806220396, 0.0 ], [ -118.015464968350003, 34.184246145047098, 0.0 ], [ -118.015092680102995, 34.184385015169603, 0.0 ], [ -118.014624227455997, 34.184616340360797, 0.0 ], [ -118.014285358441995, 34.184719763483699, 0.0 ], [ -118.013931204239, 34.184709597281497, 0.0 ], [ -118.012916581238997, 34.184513247281402, 0.0 ], [ -118.012578614687996, 34.184387363280898, 0.0 ], [ -118.012299857753007, 34.184158534211498, 0.0 ], [ -118.012110536424004, 34.183851572315703, 0.0 ], [ -118.012031179063996, 34.183499761882601, 0.0 ], [ -118.012070390499005, 34.183141250188697, 0.0 ], [ -118.012223918980993, 34.182814911136902, 0.0 ], [ -118.012475117208993, 34.1825561301075, 0.0 ], [ -118.013153634209004, 34.1820563361075, 0.0 ], [ -118.013607058842993, 34.181860632965702, 0.0 ], [ -118.014193068355993, 34.181753969366703, 0.0 ], [ -118.014441185473004, 34.181629578414103, 0.0 ], [ -118.014720053724005, 34.180818930090702, 0.0 ], [ -118.014836660346006, 34.180579499082, 0.0 ], [ -118.015007607518996, 34.1803752899337, 0.0 ], [ -118.015616421518999, 34.179805901933697, 0.0 ], [ -118.015651578342002, 34.179774414142102, 0.0 ], [ -118.016431432342003, 34.179105662142099, 0.0 ], [ -118.016542395669006, 34.179010507295899, 0.0 ], [ -118.016532661341998, 34.178826814540301, 0.0 ], [ -118.016571554341994, 34.178495074540201, 0.0 ], [ -118.016665246681995, 34.178162909825097, 0.0 ], [ -118.016857650039, 34.1778763917616, 0.0 ], [ -118.017162139039002, 34.177549265761598, 0.0 ], [ -118.017463863409006, 34.177321017330399, 0.0 ], [ -118.017825246019996, 34.177209046124197, 0.0 ], [ -118.017914691827002, 34.177197636542502, 0.0 ], [ -118.017999071706001, 34.177136333702698, 0.0 ], [ -118.018272175760004, 34.176853469649899, 0.0 ], [ -118.018660969796002, 34.176374128086003, 0.0 ], [ -118.018743382338002, 34.176283408692598, 0.0 ], [ -118.019262054338, 34.175773009692598, 0.0 ], [ -118.019526422442993, 34.175581189508897, 0.0 ], [ -118.019835600408996, 34.175475859250902, 0.0 ], [ -118.020162090455997, 34.1754663868184, 0.0 ], [ -118.020476855096007, 34.175553614674001, 0.0 ], [ -118.020751899681002, 34.175729784915802, 0.0 ], [ -118.020962762197001, 34.175979229252199, 0.0 ], [ -118.021026951197001, 34.176083431252202, 0.0 ], [ -118.021051114591003, 34.176156418813598, 0.0 ], [ -118.021162835549006, 34.176100419909297, 0.0 ], [ -118.021205768013999, 34.1760918848681, 0.0 ], [ -118.021417466938999, 34.175964571859303, 0.0 ], [ -118.021629138939005, 34.175896873859301, 0.0 ], [ -118.021963930224004, 34.1758448206092, 0.0 ], [ -118.022298610956, 34.1758975799994, 0.0 ], [ -118.022601152641002, 34.176050103027499, 0.0 ], [ -118.022697726095004, 34.176119376648003, 0.0 ], [ -118.022958912885002, 34.1761161552921, 0.0 ], [ -118.023035897732996, 34.176117913068303, 0.0 ], [ -118.023523819019999, 34.176146239620699, 0.0 ], [ -118.023886378559993, 34.176037132056301, 0.0 ], [ -118.024162621518002, 34.175991378926, 0.0 ], [ -118.024423552548996, 34.176015511282401, 0.0 ], [ -118.024971293712994, 34.175629608531302, 0.0 ], [ -118.025107937591997, 34.175547527614803, 0.0 ], [ -118.025342229591999, 34.175429076614897, 0.0 ], [ -118.025354134775, 34.175423148194398, 0.0 ], [ -118.025507451148997, 34.175347959507803, 0.0 ], [ -118.025770528598002, 34.175180553586301, 0.0 ], [ -118.025786501433004, 34.175173682891099, 0.0 ], [ -118.025850886566005, 34.175121840619198, 0.0 ], [ -118.025869501228001, 34.175107181324101, 0.0 ], [ -118.025932997303997, 34.175058280756097, 0.0 ], [ -118.025960080716999, 34.175015236730403, 0.0 ], [ -118.026028659247004, 34.174814363642597, 0.0 ], [ -118.026184896258002, 34.174516545961403, 0.0 ], [ -118.026424133226001, 34.174280175388198, 0.0 ], [ -118.026723812425004, 34.174127539375696, 0.0 ], [ -118.027003417424993, 34.174035829375697, 0.0 ], [ -118.027011563849001, 34.174034185389701, 0.0 ], [ -118.027159004257996, 34.173926534481701, 0.0 ], [ -118.027212300418, 34.173584745542598, 0.0 ], [ -118.027153354825998, 34.172975037320398, 0.0 ], [ -118.027148272, 34.172869643000098, 0.0 ], [ -118.027148272, 34.172809861000097, 0.0 ], [ -118.027169834177997, 34.172593605449201, 0.0 ], [ -118.027232974745004, 34.172280122459, 0.0 ], [ -118.027299946528998, 34.171698222990102, 0.0 ], [ -118.027330240961007, 34.171539393044597, 0.0 ], [ -118.027402152961002, 34.171271609044602, 0.0 ], [ -118.027402659637005, 34.1712697261027, 0.0 ], [ -118.027532584691002, 34.170972200740501, 0.0 ], [ -118.027744021737007, 34.170725834678997, 0.0 ], [ -118.028018392169002, 34.170552275677203, 0.0 ], [ -118.028331587531, 34.170466774064003, 0.0 ], [ -118.028656087889999, 34.170476842717903, 0.0 ], [ -118.028825399284997, 34.170534560057199, 0.0 ], [ -118.028828848301004, 34.170524095348, 0.0 ], [ -118.029032945710995, 34.1701594814297, 0.0 ], [ -118.029358741151, 34.169897839702102, 0.0 ], [ -118.029756095151001, 34.169688600702003, 0.0 ], [ -118.030045371220993, 34.169584987428301, 0.0 ], [ -118.030352044433002, 34.169565806789201, 0.0 ], [ -118.030651976474999, 34.169632568496702, 0.0 ], [ -118.031260269829005, 34.169861365, 0.0 ], [ -118.031855812, 34.169861365, 0.0 ], [ -118.032226875739994, 34.169926138130101, 0.0 ], [ -118.032554049509002, 34.170112796058298, 0.0 ], [ -118.032951402508999, 34.170441600058297, 0.0 ], [ -118.033163822378, 34.170694664239903, 0.0 ], [ -118.033228290764995, 34.170601308069401, 0.0 ], [ -118.033431887614995, 34.1703793595184, 0.0 ], [ -118.033688241429005, 34.170221259679799, 0.0 ], [ -118.033977966021993, 34.170138964499998, 0.0 ], [ -118.034279151622002, 34.170138697367797, 0.0 ], [ -118.034700147712002, 34.170196758, 0.0 ], [ -118.035405466862002, 34.170196758, 0.0 ], [ -118.035651349752996, 34.169992529496199, 0.0 ], [ -118.035959773662, 34.169866561895397, 0.0 ], [ -118.036285363662003, 34.1697885868955, 0.0 ], [ -118.036592748296002, 34.169759717495303, 0.0 ], [ -118.036918649811994, 34.169775298177399, 0.0 ], [ -118.036929540398006, 34.169775817867098, 0.0 ], [ -118.037263160573005, 34.169844781471198, 0.0 ], [ -118.037559451413998, 34.170012918730002, 0.0 ], [ -118.037789746160996, 34.170263962011802, 0.0 ], [ -118.037796062360002, 34.170277734126003, 0.0 ], [ -118.037889537875003, 34.170183196570797, 0.0 ], [ -118.037892289496995, 34.1701804127255, 0.0 ], [ -118.038151231529994, 34.169986421128897, 0.0 ], [ -118.038455553963999, 34.169876550420703, 0.0 ], [ -118.038778698705002, 34.169860388971998, 0.0 ], [ -118.039092465045997, 34.169939347185903, 0.0 ], [ -118.039369470726996, 34.170106534411602, 0.0 ], [ -118.039774504945996, 34.170441693879802, 0.0 ], [ -118.040605894546999, 34.170527689356703, 0.0 ], [ -118.040757553722003, 34.170543376374702, 0.0 ], [ -118.040765811732001, 34.170544230962598, 0.0 ], [ -118.041128305184998, 34.170646888881002, 0.0 ], [ -118.041434565047993, 34.170866308679798, 0.0 ], [ -118.042508061047997, 34.171959602679799, 0.0 ], [ -118.042742476298002, 34.1723177076178, 0.0 ], [ -118.042958289542, 34.172853452911198, 0.0 ], [ -118.043128951054001, 34.172940396047402, 0.0 ], [ -118.043190804253001, 34.172986585109598, 0.0 ], [ -118.043213956998997, 34.172992809471801, 0.0 ], [ -118.043218762777002, 34.172994170756802, 0.0 ], [ -118.043247069553004, 34.173002602864798, 0.0 ], [ -118.043251821276002, 34.173004088366802, 0.0 ], [ -118.043280081692998, 34.173013346246698, 0.0 ], [ -118.043284774672003, 34.173014954499799, 0.0 ], [ -118.043312978770004, 34.173025052954003, 0.0 ], [ -118.043317608375006, 34.173026782370997, 0.0 ], [ -118.043345744649997, 34.173037737130102, 0.0 ], [ -118.043350306310998, 34.1730395860043, 0.0 ], [ -118.043378361560997, 34.173051413630603, 0.0 ], [ -118.043382850775998, 34.173053380137297, 0.0 ], [ -118.043410809956995, 34.173066097914997, 0.0 ], [ -118.043415222296005, 34.173068180113603, 0.0 ], [ -118.043443068361, 34.173081805917903, 0.0 ], [ -118.043447399469997, 34.173084001753303, 0.0 ], [ -118.043475113227998, 34.173098553905902, 0.0 ], [ -118.043479358832002, 34.173100861211303, 0.0 ], [ -118.043506918792005, 34.173116358310999, 0.0 ], [ -118.043511074701996, 34.173118774809197, 0.0 ], [ -118.043538456937, 34.173135235544301, 0.0 ], [ -118.043542519050007, 34.173137758850501, 0.0 ], [ -118.043569697040994, 34.173155201777199, 0.0 ], [ -118.043573661349996, 34.173157829401298, 0.0 ], [ -118.043600605875994, 34.173176272715097, 0.0 ], [ -118.043604468468004, 34.173179002063897, 0.0 ], [ -118.043631147469, 34.173198463318101, 0.0 ], [ -118.043634904531999, 34.173201291698, 0.0 ], [ -118.043661283017997, 34.173221787519999, 0.0 ], [ -118.043664930844002, 34.173224712139799, 0.0 ], [ -118.043690970821004, 34.173246257909298, 0.0 ], [ -118.043694505809995, 34.173249275882696, 0.0 ], [ -118.043720166214996, 34.173271885378803, 0.0 ], [ -118.043723584879004, 34.173274993727503, 0.0 ], [ -118.043748821552995, 34.173298678746299, 0.0 ], [ -118.043752120517993, 34.173301874402597, 0.0 ], [ -118.043763607779994, 34.173313363636098, 0.0 ], [ -118.043837708786, 34.173272485358602, 0.0 ], [ -118.043840168800998, 34.1732711288684, 0.0 ], [ -118.044204480117997, 34.173147415980203, 0.0 ], [ -118.044571378067005, 34.173156868500101, 0.0 ], [ -118.044529356021002, 34.172842500409701, 0.0 ], [ -118.044638045308005, 34.172430983356897, 0.0 ], [ -118.044824065308006, 34.172049575356901, 0.0 ], [ -118.045080216699006, 34.171711637684197, 0.0 ], [ -118.045085432224994, 34.171706994691398, 0.0 ], [ -118.045013402904999, 34.170991751989902, 0.0 ], [ -118.045015801906004, 34.170750609653297, 0.0 ], [ -118.045098377906001, 34.170067300653301, 0.0 ], [ -118.045199578882006, 34.169722149494802, 0.0 ], [ -118.045407133558001, 34.169428394467801, 0.0 ], [ -118.045698657141998, 34.169217717083797, 0.0 ], [ -118.046111541141997, 34.169012725083697, 0.0 ], [ -118.046307366223004, 34.168937899375798, 0.0 ], [ -118.046686084222998, 34.168833438375898, 0.0 ], [ -118.047050554232001, 34.168732907373197, 0.0 ], [ -118.047529742972003, 34.168709730205101, 0.0 ], [ -118.049098698972003, 34.168983053205103, 0.0 ], [ -118.049263969647001, 34.169025330179998, 0.0 ], [ -118.050657084137995, 34.169500005422002, 0.0 ], [ -118.050667702620004, 34.1695036226631, 0.0 ], [ -118.051012771678003, 34.169696550197997, 0.0 ], [ -118.051585330259002, 34.170170334537197, 0.0 ], [ -118.051643132158006, 34.1701512123771, 0.0 ], [ -118.051870152158003, 34.170109413377197, 0.0 ], [ -118.051930510719998, 34.170100032128801, 0.0 ], [ -118.052141893720005, 34.170073191128701, 0.0 ], [ -118.052405148138007, 34.170071657026398, 0.0 ], [ -118.052479226189007, 34.170089402631902, 0.0 ], [ -118.052639871360995, 34.170056309128498, 0.0 ], [ -118.052984939164006, 34.1700408358328, 0.0 ], [ -118.053227936062996, 34.170108581743698, 0.0 ], [ -118.053266977625, 34.1701007249859, 0.0 ], [ -118.053609683358005, 34.170141290378503, 0.0 ], [ -118.05387702777, 34.170265270887, 0.0 ], [ -118.053861883408999, 34.170245929895202, 0.0 ], [ -118.054212030122002, 34.167106281036801, 0.0 ], [ -118.054212030079995, 34.167087203987897, 0.0 ], [ -118.05421454108, 34.167063345987799, 0.0 ], [ -118.054219360754999, 34.167040549689403, 0.0 ], [ -118.054245652418004, 34.166804801115703, 0.0 ], [ -118.054270471335002, 34.166815000670702, 0.0 ], [ -118.054356016130001, 34.166619005414901, 0.0 ], [ -118.054368192129999, 34.1665973004149, 0.0 ], [ -118.054485771054999, 34.166427505296802, 0.0 ], [ -118.054502297054995, 34.166407888296803, 0.0 ], [ -118.054639784488998, 34.166271299062501, 0.0 ], [ -118.054660156489007, 34.166254364062397, 0.0 ], [ -118.054738199509003, 34.166199783609599, 0.0 ], [ -118.054764585265005, 34.166173570842403, 0.0 ], [ -118.054784958265003, 34.166156636842501, 0.0 ], [ -118.054934127235001, 34.166052317342597, 0.0 ], [ -118.054957728234996, 34.166038581342498, 0.0 ], [ -118.055112830390996, 34.165963958868801, 0.0 ], [ -118.055138942390997, 34.165953837868798, 0.0 ], [ -118.055296631805007, 34.165906012163397, 0.0 ], [ -118.055324460804997, 34.165899813163499, 0.0 ], [ -118.055483164053996, 34.165876495903603, 0.0 ], [ -118.055511866054005, 34.165874408903598, 0.0 ], [ -118.055670721946001, 34.165874408903598, 0.0 ], [ -118.055699423945995, 34.165876495903603, 0.0 ], [ -118.055858082449006, 34.165899803197199, 0.0 ], [ -118.055885912449, 34.1659060011972, 0.0 ], [ -118.056043693785, 34.165953855155898, 0.0 ], [ -118.056069804784997, 34.165963977155798, 0.0 ], [ -118.056142034597002, 34.165998730289097, 0.0 ], [ -118.056148548449002, 34.1659996871972, 0.0 ], [ -118.056176378448995, 34.166005885197201, 0.0 ], [ -118.056334099430003, 34.166053715761201, 0.0 ], [ -118.056360212429993, 34.166063836761197, 0.0 ], [ -118.056515345196004, 34.166138474487802, 0.0 ], [ -118.056538945195996, 34.166152210487702, 0.0 ], [ -118.056688096738995, 34.166256519846399, 0.0 ], [ -118.056708469738993, 34.1662734538466, 0.0 ], [ -118.056846040706006, 34.166410126311099, 0.0 ], [ -118.056862565705998, 34.166429744311102, 0.0 ], [ -118.056887537747997, 34.166465808423801, 0.0 ], [ -118.056958237632003, 34.166536042363902, 0.0 ], [ -118.056974764632002, 34.166555660363997, 0.0 ], [ -118.057092355115003, 34.166725474111502, 0.0 ], [ -118.057104530114998, 34.1667471781115, 0.0 ], [ -118.057191734697, 34.166946983810199, 0.0 ], [ -118.057199191696995, 34.166970116810198, 0.0 ], [ -118.057245996418999, 34.167191500231901, 0.0 ], [ -118.057248507419004, 34.167215357231797, 0.0 ], [ -118.057248512670995, 34.167444592859397, 0.0 ], [ -118.057246002670993, 34.167468450859502, 0.0 ], [ -118.057199175294997, 34.167689938171598, 0.0 ], [ -118.057191717294998, 34.167713070171501, 0.0 ], [ -118.057104521870002, 34.167912836585202, 0.0 ], [ -118.057092345870004, 34.167934541585197, 0.0 ], [ -118.057046966338007, 34.168000073933101, 0.0 ], [ -118.057035635047001, 34.170492958049401, 0.0 ], [ -118.057144311559, 34.1704769935033, 0.0 ], [ -118.057173015559002, 34.170474906503301, 0.0 ], [ -118.057331863192999, 34.170474906703397, 0.0 ], [ -118.057360566192997, 34.170476993703403, 0.0 ], [ -118.057519211149, 34.170500297567102, 0.0 ] ], [ [ -118.157055789, 34.185517, 0.0 ], [ -118.157076166, 34.185500066, 0.0 ], [ -118.157055789, 34.185517, 0.0 ], [ -118.15703926, 34.185536617, 0.0 ], [ -118.157055789, 34.185517, 0.0 ] ] ] ] } }
]
}
