{
"type": "FeatureCollection",
"name": "zone_2",
"crs": { "type": "name", "properties": { "name": "urn:ogc:def:crs:OGC:1.3:CRS84" } },
"features": [
{ "type": "Feature", "properties": { "Name": "", "Description": "" }, "geometry": { "type": "MultiPolygon", "coordinates": [ [ [ [ -118.155655501205004, 34.179481708072203, 0.0 ], [ -118.155494226474005, 34.179430702286197, 0.0 ], [ -118.155110973351, 34.179448266809104, 0.0 ], [ -118.155104414071999, 34.179449746367197, 0.0 ], [ -118.154202517071994, 34.179653284367198, 0.0 ], [ -118.153909451260006, 34.1797655130677, 0.0 ], [ -118.153777539977995, 34.179866468752699, 0.0 ], [ -118.153660241156004, 34.1799562410813, 0.0 ], [ -118.153475346966999, 34.1802098095934, 0.0 ], [ -118.153369948549994, 34.180505400569601, 0.0 ], [ -118.153204795549996, 34.1813253715695, 0.0 ], [ -118.153186793569006, 34.181629853660702, 0.0 ], [ -118.153227239610004, 34.181810431518798, 0.0 ], [ -118.152562062385002, 34.181749273152697, 0.0 ], [ -118.152196828911002, 34.181777205042401, 0.0 ], [ -118.151861232361, 34.181924006395498, 0.0 ], [ -118.151834284431004, 34.181949029667699, 0.0 ], [ -118.151592811078004, 34.182173256663702, 0.0 ], [ -118.151421589476001, 34.182497075817402, 0.0 ], [ -118.151173859476003, 34.183248715817498, 0.0 ], [ -118.151121593707998, 34.183604795019797, 0.0 ], [ -118.150902648856999, 34.183637545488601, 0.0 ], [ -118.150650436240994, 34.1837579648451, 0.0 ], [ -118.150649960351004, 34.183758032504201, 0.0 ], [ -118.150649960351004, 34.183755271216299, 0.0 ], [ -118.150650404977995, 34.183757979771897, 0.0 ], [ -118.150610217723994, 34.183777167246802, 0.0 ], [ -118.150371442536994, 34.183996248539898, 0.0 ], [ -118.150207226096001, 34.184275610605397, 0.0 ], [ -118.150124650096004, 34.184480603605301, 0.0 ], [ -118.150045369205998, 34.184879775663603, 0.0 ], [ -118.150045641375996, 34.184881291219099, 0.0 ], [ -118.150051893207007, 34.184916103953803, 0.0 ], [ -118.150051549720004, 34.184916728563998, 0.0 ], [ -118.149963244220999, 34.185077306622098, 0.0 ], [ -118.149913940884005, 34.185301194285699, 0.0 ], [ -118.149907599863994, 34.1853299890142, 0.0 ], [ -118.149896101425995, 34.185382203703298, 0.0 ], [ -118.149909767900994, 34.185579170216698, 0.0 ], [ -118.149913965775994, 34.185639671614403, 0.0 ], [ -118.149917711566005, 34.185693657370798, 0.0 ], [ -118.149988701835994, 34.186023024045703, 0.0 ], [ -118.149840023254001, 34.185986066089299, 0.0 ], [ -118.149514877987997, 34.186003897382101, 0.0 ], [ -118.149509850021005, 34.186004937547601, 0.0 ], [ -118.149263258535996, 34.186055949443499, 0.0 ], [ -118.148942388124993, 34.185961985084198, 0.0 ], [ -118.148587904617997, 34.185976342663501, 0.0 ], [ -118.148256607944006, 34.1861032568507, 0.0 ], [ -118.148252163137997, 34.186105852292599, 0.0 ], [ -118.147875198386004, 34.186325921709802, 0.0 ], [ -118.147717658293004, 34.186437606092902, 0.0 ], [ -118.147661567239993, 34.186485329154898, 0.0 ], [ -118.147593172938002, 34.186496029621601, 0.0 ], [ -118.147329606902005, 34.186478017620601, 0.0 ], [ -118.147054001208005, 34.1864940581927, 0.0 ], [ -118.146791162178999, 34.186578506064897, 0.0 ], [ -118.146402531902993, 34.186760158346601, 0.0 ], [ -118.145817668717996, 34.1864912885911, 0.0 ], [ -118.145736064600996, 34.186462686850398, 0.0 ], [ -118.145737562101004, 34.1864586483414, 0.0 ], [ -118.14513421, 34.186234922293103, 0.0 ], [ -118.14513421, 34.185778137000099, 0.0 ], [ -118.145092312781998, 34.185478104686901, 0.0 ], [ -118.144969826603997, 34.185201027257598, 0.0 ], [ -118.144776122641005, 34.184968103363097, 0.0 ], [ -118.144526020805003, 34.184797153553703, 0.0 ], [ -118.144113137804993, 34.184592161553603, 0.0 ], [ -118.143746066118993, 34.184484499135998, 0.0 ], [ -118.143364358501998, 34.184509641022899, 0.0 ], [ -118.143099767959995, 34.184626799467097, 0.0 ], [ -118.142897397216998, 34.184639690793396, 0.0 ], [ -118.142589706736004, 34.1847574688177, 0.0 ], [ -118.142333902410996, 34.184959106057804, 0.0 ], [ -118.142330963657002, 34.184961422524403, 0.0 ], [ -118.142144581286999, 34.185233096422898, 0.0 ], [ -118.142142760132003, 34.1852368633878, 0.0 ], [ -118.142052365875003, 34.185423863339999, 0.0 ], [ -118.141223737613004, 34.185233397549901, 0.0 ], [ -118.141230385906994, 34.185226728736701, 0.0 ], [ -118.139473195937995, 34.184740839086402, 0.0 ], [ -118.139510549533, 34.184686904999097, 0.0 ], [ -118.139522728532995, 34.184665199999102, 0.0 ], [ -118.139609980295006, 34.184465333171502, 0.0 ], [ -118.139617438295005, 34.184442201171599, 0.0 ], [ -118.139650589181002, 34.184285433965698, 0.0 ], [ -118.139685438545001, 34.184172895995303, 0.0 ], [ -118.139685668179993, 34.184131391437198, 0.0 ], [ -118.139686050508999, 34.184062288705, 0.0 ], [ -118.139686625314994, 34.183958397173399, 0.0 ], [ -118.139687218269003, 34.183851225791102, 0.0 ], [ -118.139637299197005, 34.183683476840997, 0.0 ], [ -118.139668188884997, 34.183504549063997, 0.0 ], [ -118.139668256866997, 34.183474615270597, 0.0 ], [ -118.139668882417993, 34.183199172479299, 0.0 ], [ -118.139669024054996, 34.183136807047099, 0.0 ], [ -118.139548089496003, 34.182789517944002, 0.0 ], [ -118.139470450741996, 34.182692013491497, 0.0 ], [ -118.139319019198993, 34.182501834632703, 0.0 ], [ -118.139007638221997, 34.182306190119199, 0.0 ], [ -118.138347025222004, 34.182032867119297, 0.0 ], [ -118.138143214861998, 34.1819847845398, 0.0 ], [ -118.138195247699997, 34.1817526619514, 0.0 ], [ -118.138187099126, 34.181656566230103, 0.0 ], [ -118.138167122203996, 34.1814209793977, 0.0 ], [ -118.138084545203995, 34.1810793243977, 0.0 ], [ -118.137969011631995, 34.180789960274097, 0.0 ], [ -118.137776671078001, 34.180544838439999, 0.0 ], [ -118.137748119606997, 34.180524454417103, 0.0 ], [ -118.137523089742999, 34.180363796707503, 0.0 ], [ -118.137172249585007, 34.180182350167399, 0.0 ], [ -118.137177689910004, 34.180145017476796, 0.0 ], [ -118.137179512805005, 34.180131957907697, 0.0 ], [ -118.137180070216999, 34.180127781013098, 0.0 ], [ -118.137184771741005, 34.180086630136898, 0.0 ], [ -118.137185170284994, 34.180082440818602, 0.0 ], [ -118.137188317856996, 34.180041048093102, 0.0 ], [ -118.137188557141002, 34.180036850485401, 0.0 ], [ -118.137190134921994, 34.179995311677501, 0.0 ], [ -118.137190214708994, 34.179991109923002, 0.0 ], [ -118.137190214708994, 34.179949522274804, 0.0 ], [ -118.137190134921994, 34.179945320520098, 0.0 ], [ -118.137188557141997, 34.1799037817201, 0.0 ], [ -118.137188317858005, 34.179899584111801, 0.0 ], [ -118.137185170288006, 34.1798581914029, 0.0 ], [ -118.137184771742994, 34.179854002083601, 0.0 ], [ -118.137180070222996, 34.179812851231397, 0.0 ], [ -118.137179512811997, 34.179808674335298, 0.0 ], [ -118.137173280761999, 34.179767858689502, 0.0 ], [ -118.137172565034007, 34.179763698338803, 0.0 ], [ -118.137164833065, 34.179723307999197, 0.0 ], [ -118.137163959727005, 34.179719168299698, 0.0 ], [ -118.137154765126994, 34.179679289255098, 0.0 ], [ -118.137153735040002, 34.1796751742921, 0.0 ], [ -118.137143121196004, 34.179635887806199, 0.0 ], [ -118.137141935375993, 34.179631801640802, 0.0 ], [ -118.137129951066996, 34.179593183533498, 0.0 ], [ -118.137128610684996, 34.179589130198202, 0.0 ], [ -118.137115309386004, 34.179551250487997, 0.0 ], [ -118.137113815765005, 34.179547233982902, 0.0 ], [ -118.137099254841999, 34.179510156403403, 0.0 ], [ -118.137097609457001, 34.1795061806923, 0.0 ], [ -118.137081849433997, 34.179469962587, 0.0 ], [ -118.137080053907994, 34.179466031593499, 0.0 ], [ -118.137063157624993, 34.179430723630901, 0.0 ], [ -118.137061213729993, 34.179426841234502, 0.0 ], [ -118.137043245640996, 34.179392487537399, 0.0 ], [ -118.137041155294995, 34.179388657569497, 0.0 ], [ -118.137022180719001, 34.179355295732201, 0.0 ], [ -118.137019945985003, 34.1793515219724, 0.0 ], [ -118.137000030406, 34.1793191832056, 0.0 ], [ -118.136997653489004, 34.179315469378402, 0.0 ], [ -118.136976861978994, 34.179284178840398, 0.0 ], [ -118.136974345225994, 34.179280528610697, 0.0 ], [ -118.136952741862004, 34.179250305670301, 0.0 ], [ -118.136950087754997, 34.179246722640499, 0.0 ], [ -118.136927735130001, 34.179217581253397, 0.0 ], [ -118.136924946289994, 34.179214068959602, 0.0 ], [ -118.136901905089005, 34.179186018069203, 0.0 ], [ -118.136898984267006, 34.179182579977599, 0.0 ], [ -118.136875312955993, 34.179155623988699, 0.0 ], [ -118.136873144459003, 34.179153234672597, 0.0 ], [ -118.136848194688, 34.179084415830303, 0.0 ], [ -118.136909342256004, 34.179075434210603, 0.0 ], [ -118.136937176255998, 34.179069237210598, 0.0 ], [ -118.137094987251004, 34.179021383168802, 0.0 ], [ -118.137121101250997, 34.179011261168803, 0.0 ], [ -118.137216503440996, 34.178965366407098, 0.0 ], [ -118.137276108592005, 34.178936692387701, 0.0 ], [ -118.137299714592004, 34.178922956387602, 0.0 ], [ -118.137448950411994, 34.178818603049301, 0.0 ], [ -118.137469324411995, 34.178801669049399, 0.0 ], [ -118.137606852591006, 34.178665054610697, 0.0 ], [ -118.137623380590995, 34.178645436610701, 0.0 ], [ -118.137740965090998, 34.178475646060001, 0.0 ], [ -118.137753142091, 34.178453941059999, 0.0 ], [ -118.137840356295996, 34.178254141168402, 0.0 ], [ -118.137847814295995, 34.1782310091683, 0.0 ], [ -118.137894632165995, 34.178009612167898, 0.0 ], [ -118.137897144166004, 34.177985754167899, 0.0 ], [ -118.137897148419, 34.177756428233103, 0.0 ], [ -118.137894637418995, 34.1777325712332, 0.0 ], [ -118.137847802134004, 34.177511093012498, 0.0 ], [ -118.137847237233004, 34.177509341130502, 0.0 ], [ -118.137867462155995, 34.177377312783598, 0.0 ], [ -118.137820664041996, 34.177056685038899, 0.0 ], [ -118.137738087041996, 34.176783363038901, 0.0 ], [ -118.137637522790996, 34.176568476972797, 0.0 ], [ -118.137637522166997, 34.176534816834, 0.0 ], [ -118.137635010167003, 34.176510958833902, 0.0 ], [ -118.137588196538005, 34.176289574989397, 0.0 ], [ -118.137580738538006, 34.176266441989497, 0.0 ], [ -118.137493490775, 34.176066576689401, 0.0 ], [ -118.137481312774995, 34.176044872689403, 0.0 ], [ -118.137363781944003, 34.1758751632957, 0.0 ], [ -118.137347255943993, 34.175855546295701, 0.0 ], [ -118.137303816499994, 34.175812394805099, 0.0 ], [ -118.137279922613999, 34.175788659307798, 0.0 ], [ -118.137304483489999, 34.175788309063599, 0.0 ], [ -118.137279922613999, 34.175788659307798, 0.0 ], [ -118.137209687224001, 34.1757188894967, 0.0 ], [ -118.137189311225001, 34.175701954496603, 0.0 ], [ -118.137040143887006, 34.175597645044, 0.0 ], [ -118.137016540887004, 34.1755839090441, 0.0 ], [ -118.136861434075996, 34.175509291547201, 0.0 ], [ -118.136835319075999, 34.175499170547198, 0.0 ], [ -118.1366776, 34.175451344752197, 0.0 ], [ -118.136649767, 34.175445146752203, 0.0 ], [ -118.136491121936999, 34.175421844103099, 0.0 ], [ -118.136462415937004, 34.1754197571031, 0.0 ], [ -118.136303576559001, 34.175419757503299, 0.0 ], [ -118.136274872559, 34.175421844503298, 0.0 ], [ -118.136116241148997, 34.175445144937697, 0.0 ], [ -118.136088407149003, 34.175451342937698, 0.0 ], [ -118.135930653569005, 34.1754991807612, 0.0 ], [ -118.135904540569001, 34.175509301761203, 0.0 ], [ -118.135749447587003, 34.175583916333999, 0.0 ], [ -118.135725843586997, 34.175597653334002, 0.0 ], [ -118.135591357262996, 34.175691697018102, 0.0 ], [ -118.135460223750002, 34.175711350930698, 0.0 ], [ -118.135237805838997, 34.175817780402603, 0.0 ], [ -118.135228167132993, 34.175819329639197, 0.0 ], [ -118.135237805838997, 34.175817780402603, 0.0 ], [ -118.135167351364004, 34.175851493660801, 0.0 ], [ -118.134935379948999, 34.176064947303203, 0.0 ], [ -118.134930748311007, 34.176064947303203, 0.0 ], [ -118.134902043311001, 34.176067034303202, 0.0 ], [ -118.134743401, 34.176090336752303, 0.0 ], [ -118.134715568, 34.176096534752297, 0.0 ], [ -118.134557848924004, 34.176144360547099, 0.0 ], [ -118.134531733924007, 34.176154481547101, 0.0 ], [ -118.134376614586998, 34.176229106333999, 0.0 ], [ -118.134353010587006, 34.176242843334002, 0.0 ], [ -118.134203859907004, 34.176347142062703, 0.0 ], [ -118.134183484906998, 34.176364076062697, 0.0 ], [ -118.134045915371004, 34.176500732361497, 0.0 ], [ -118.134029388371005, 34.1765203503615, 0.0 ], [ -118.133911835443996, 34.176690097162002, 0.0 ], [ -118.133909700657, 34.176693902157503, 0.0 ], [ -118.133847810096, 34.176755380320898, 0.0 ], [ -118.133831283096001, 34.176774997320798, 0.0 ], [ -118.133713739466998, 34.176944717000097, 0.0 ], [ -118.133701560467003, 34.176966422000099, 0.0 ], [ -118.133614304462, 34.1771663019912, 0.0 ], [ -118.133606846462001, 34.177189434991199, 0.0 ], [ -118.133560359171994, 34.177409298077798, 0.0 ], [ -118.133447277814, 34.177429671907298, 0.0 ], [ -118.133158077409007, 34.1775789553406, 0.0 ], [ -118.132925513754003, 34.1778066317856, 0.0 ], [ -118.132512630753993, 34.178353277785597, 0.0 ], [ -118.132357485558003, 34.178638567279798, 0.0 ], [ -118.132352311868999, 34.178664027276099, 0.0 ], [ -118.132344934418995, 34.178655045741102, 0.0 ], [ -118.132342013596997, 34.178651607627799, 0.0 ], [ -118.132318342383996, 34.178624651582098, 0.0 ], [ -118.132315292463005, 34.178621291064502, 0.0 ], [ -118.132291047031003, 34.178595430152299, 0.0 ], [ -118.132287871019997, 34.178592150546699, 0.0 ], [ -118.132263104521002, 34.178567381341303, 0.0 ], [ -118.132259805556004, 34.178564185884397, 0.0 ], [ -118.132234568244996, 34.1785405017459, 0.0 ], [ -118.132231149581003, 34.178537393591199, 0.0 ], [ -118.132205488682004, 34.178514785069801, 0.0 ], [ -118.132201953692999, 34.178511767284697, 0.0 ], [ -118.132175913357997, 34.178490222562601, 0.0 ], [ -118.132172265532006, 34.178487298125198, 0.0 ], [ -118.132145886836, 34.178466803418601, 0.0 ], [ -118.132142129773001, 34.178463975215102, 0.0 ], [ -118.132115450697, 34.1784445151197, 0.0 ], [ -118.132111588105005, 34.178441785941303, 0.0 ], [ -118.132084643656, 34.1784233438309, 0.0 ], [ -118.132080679346998, 34.178420716370802, 0.0 ], [ -118.132053501566006, 34.178403274666103, 0.0 ], [ -118.132049439452004, 34.178400751517302, 0.0 ], [ -118.132022057564996, 34.178384292018102, 0.0 ], [ -118.132017901655004, 34.178381875670603, 0.0 ], [ -118.131990342178, 34.178366379809198, 0.0 ], [ -118.131986096573996, 34.178364072647902, 0.0 ], [ -118.131958383419004, 34.178349521719497, 0.0 ], [ -118.131954052309993, 34.178347326021097, 0.0 ], [ -118.131926206982001, 34.178333701427299, 0.0 ], [ -118.131921794643006, 34.178331619358701, 0.0 ], [ -118.131893836307, 34.178318902758399, 0.0 ], [ -118.131889347091999, 34.178316936374401, 0.0 ], [ -118.131879726389997, 34.178312880699501, 0.0 ], [ -118.131859005164998, 34.178297193621702, 0.0 ], [ -118.131630560448997, 34.178208262525096, 0.0 ], [ -118.131617073922996, 34.178117566090499, 0.0 ], [ -118.131431866949995, 34.177779611647203, 0.0 ], [ -118.131266713949998, 34.177574618647199, 0.0 ], [ -118.130965901576999, 34.177315822561198, 0.0 ], [ -118.130592619593003, 34.1771811969355, 0.0 ], [ -118.130583121437994, 34.177179625384497, 0.0 ], [ -118.130431913392997, 34.1771546007311, 0.0 ], [ -118.130179778246003, 34.177112872827898, 0.0 ], [ -118.129828528953993, 34.177111832264501, 0.0 ], [ -118.129628149159998, 34.177178043854497, 0.0 ], [ -118.129495013850999, 34.177222035817799, 0.0 ], [ -118.129267005529996, 34.177392235696303, 0.0 ], [ -118.129122715991002, 34.177377311195798, 0.0 ], [ -118.128758039695995, 34.177400882367998, 0.0 ], [ -118.128180003696002, 34.177537543367997, 0.0 ], [ -118.127871943440994, 34.1776621822438, 0.0 ], [ -118.127615444398003, 34.177873474012301, 0.0 ], [ -118.127434121140993, 34.178151966106498, 0.0 ], [ -118.127370306157999, 34.178380286702399, 0.0 ], [ -118.127344667185994, 34.1784720191649, 0.0 ], [ -118.127347809612004, 34.178570015558897, 0.0 ], [ -118.127354085644996, 34.178765733252, 0.0 ], [ -118.127355318107007, 34.178804167517498, 0.0 ], [ -118.127415049687002, 34.179124491800401, 0.0 ], [ -118.127376166044002, 34.1791495503956, 0.0 ], [ -118.127164289728995, 34.179403598346902, 0.0 ], [ -118.126916559728997, 34.179813583346899, 0.0 ], [ -118.126813762886997, 34.180037163569203, 0.0 ], [ -118.126778868505994, 34.180143036521699, 0.0 ], [ -118.126699658874003, 34.180117527236, 0.0 ], [ -118.126353810702, 34.180119445728799, 0.0 ], [ -118.126344885126002, 34.180120923710398, 0.0 ], [ -118.125115258568002, 34.1803244236933, 0.0 ], [ -118.124753968685994, 34.1804521679258, 0.0 ], [ -118.124458800195001, 34.180696553951201, 0.0 ], [ -118.124360917505001, 34.180864557318998, 0.0 ], [ -118.124265887812996, 34.181027663873301, 0.0 ], [ -118.124198848, 34.181404963, 0.0 ], [ -118.124198848, 34.181483601414598, 0.0 ], [ -118.124162722408997, 34.181519484389099, 0.0 ], [ -118.124146194408993, 34.181539102389202, 0.0 ], [ -118.124059352947995, 34.1816644909876, 0.0 ], [ -118.123519841464997, 34.181614886043199, 0.0 ], [ -118.123048994621996, 34.181549950367803, 0.0 ], [ -118.122759964525002, 34.181548588458703, 0.0 ], [ -118.122480642672002, 34.181622882162799, 0.0 ], [ -118.122115047909006, 34.181774143925701, 0.0 ], [ -118.121758809672997, 34.181823274878802, 0.0 ], [ -118.121417436943005, 34.181929234259698, 0.0 ], [ -118.121128361084004, 34.182139467176, 0.0 ], [ -118.120922371394997, 34.182431581844099, 0.0 ], [ -118.120757218394999, 34.182773235844103, 0.0 ], [ -118.120727382702, 34.182840659617902, 0.0 ], [ -118.120479652702002, 34.1834556366179, 0.0 ], [ -118.120411237322998, 34.183710645082002, 0.0 ], [ -118.120405836038003, 34.183974616305598, 0.0 ], [ -118.120422507659001, 34.184140161543098, 0.0 ], [ -118.120413494103005, 34.184138246952799, 0.0 ], [ -118.120408554809998, 34.184137266012598, 0.0 ], [ -118.120380139473994, 34.1841320114073, 0.0 ], [ -118.120375165370007, 34.184131159292598, 0.0 ], [ -118.120346735191006, 34.184126672607803, 0.0 ], [ -118.120341731186002, 34.184125950159697, 0.0 ], [ -118.120313289690998, 34.184122223471903, 0.0 ], [ -118.120308260722993, 34.184121631403301, 0.0 ], [ -118.120279810810999, 34.184118658072101, 0.0 ], [ -118.120274761843007, 34.184118196967198, 0.0 ], [ -118.120246305904004, 34.1841159716571, 0.0 ], [ -118.120241241917995, 34.184115641971097, 0.0 ], [ -118.120212781950002, 34.1841141606671, 0.0 ], [ -118.120207707944999, 34.184113962725199, 0.0 ], [ -118.120179245670997, 34.184113222744799, 0.0 ], [ -118.120174166653001, 34.184113156742498, 0.0 ], [ -118.120145703630001, 34.184113156742498, 0.0 ], [ -118.120140624613001, 34.184113222744799, 0.0 ], [ -118.120135812379004, 34.184113347856403, 0.0 ], [ -118.120086389964001, 34.184095132088302, 0.0 ], [ -118.120062641672007, 34.184086688200502, 0.0 ], [ -118.120057948693002, 34.184085080158397, 0.0 ], [ -118.120029690907003, 34.1840758243548, 0.0 ], [ -118.120024939184006, 34.184074339047697, 0.0 ], [ -118.119996635213994, 34.184065908881699, 0.0 ], [ -118.119991829436998, 34.1840645477753, 0.0 ], [ -118.119963487809002, 34.184056929438398, 0.0 ], [ -118.11995863272, 34.184055693876097, 0.0 ], [ -118.119930260714, 34.1840488746438, 0.0 ], [ -118.119925361105004, 34.184047765844902, 0.0 ], [ -118.119896964847001, 34.184041734123198, 0.0 ], [ -118.119892025553995, 34.184040753181897, 0.0 ], [ -118.119863610185007, 34.184035498564398, 0.0 ], [ -118.119858636081005, 34.184034646448701, 0.0 ], [ -118.119830205875999, 34.184030159754698, 0.0 ], [ -118.119825201870995, 34.184029437305703, 0.0 ], [ -118.119796760346006, 34.184025710609802, 0.0 ], [ -118.119791731378001, 34.184025118540397, 0.0 ], [ -118.119763281429996, 34.1840221452021, 0.0 ], [ -118.119758232460995, 34.184021684096699, 0.0 ], [ -118.119729776493003, 34.184019458781798, 0.0 ], [ -118.119724712506994, 34.184019129095297, 0.0 ], [ -118.119696252506998, 34.184017647787996, 0.0 ], [ -118.119691178501995, 34.184017449845904, 0.0 ], [ -118.119662716196004, 34.184016709863798, 0.0 ], [ -118.119657637177994, 34.184016643861398, 0.0 ], [ -118.119629174121997, 34.184016643861398, 0.0 ], [ -118.119624095104001, 34.184016709863798, 0.0 ], [ -118.119595632797996, 34.184017449845904, 0.0 ], [ -118.119590558791998, 34.184017647787996, 0.0 ], [ -118.119562098792997, 34.184019129095297, 0.0 ], [ -118.119557034807002, 34.184019458781798, 0.0 ], [ -118.119528578838995, 34.184021684096599, 0.0 ], [ -118.119523529871003, 34.184022145202, 0.0 ], [ -118.119495079920995, 34.184025118540497, 0.0 ], [ -118.119490050953004, 34.184025710609802, 0.0 ], [ -118.119461609428996, 34.184029437305703, 0.0 ], [ -118.119456605424006, 34.184030159754698, 0.0 ], [ -118.119428175218999, 34.184034646448701, 0.0 ], [ -118.119423201116007, 34.184035498564299, 0.0 ], [ -118.119394785745001, 34.184040753182103, 0.0 ], [ -118.119389846451, 34.184041734123397, 0.0 ], [ -118.119361450195001, 34.184047765844902, 0.0 ], [ -118.119356550586005, 34.1840488746438, 0.0 ], [ -118.119328178580005, 34.184055693875898, 0.0 ], [ -118.119323323491997, 34.184056929438199, 0.0 ], [ -118.119294981863007, 34.184064547775101, 0.0 ], [ -118.119290176085997, 34.184065908881401, 0.0 ], [ -118.119261872115004, 34.184074339048003, 0.0 ], [ -118.119257120392007, 34.184075824355098, 0.0 ], [ -118.119228862605993, 34.184085080158802, 0.0 ], [ -118.119224169627003, 34.1840866882008, 0.0 ], [ -118.119195967970001, 34.184096784456401, 0.0 ], [ -118.119191338365994, 34.184098513646497, 0.0 ], [ -118.119163204323002, 34.184109466099898, 0.0 ], [ -118.119158642662001, 34.184111314731403, 0.0 ], [ -118.119130589426007, 34.1841231399573, 0.0 ], [ -118.119126100211005, 34.184125106205997, 0.0 ], [ -118.119098142810003, 34.184137821506098, 0.0 ], [ -118.119093730470993, 34.184139903431401, 0.0 ], [ -118.119065885946, 34.184153526694701, 0.0 ], [ -118.119061999113001, 34.184155497027497, 0.0 ], [ -118.118779086974001, 34.183780929862003, 0.0 ], [ -118.118823702661004, 34.183603959188602, 0.0 ], [ -118.118815431060995, 34.1833043100279, 0.0 ], [ -118.118769695675994, 34.183029436646997, 0.0 ], [ -118.118734967791994, 34.182816468424299, 0.0 ], [ -118.118724611058994, 34.182589148524798, 0.0 ], [ -118.118687707654999, 34.1823528577631, 0.0 ], [ -118.118648492247004, 34.182207968087702, 0.0 ], [ -118.118649306001004, 34.182137192152098, 0.0 ], [ -118.118689586789998, 34.181778702785799, 0.0 ], [ -118.118713116527999, 34.181685000918201, 0.0 ], [ -118.118752357510004, 34.1816355998006, 0.0 ], [ -118.118797528510001, 34.181563450800503, 0.0 ], [ -118.118825370828006, 34.1815164092367, 0.0 ], [ -118.118900643827999, 34.181381668236703, 0.0 ], [ -118.118918948883007, 34.181317985413699, 0.0 ], [ -118.118976281833994, 34.181297432451203, 0.0 ], [ -118.119278545466997, 34.181037498724699, 0.0 ], [ -118.119385438467006, 34.180904644724698, 0.0 ], [ -118.119516730797002, 34.180697734244497, 0.0 ], [ -118.119532190797003, 34.180665999244503, 0.0 ], [ -118.119632115280993, 34.1803390394007, 0.0 ], [ -118.119626358581002, 34.179997199522397, 0.0 ], [ -118.119515481649998, 34.179673789646301, 0.0 ], [ -118.119424257711003, 34.179552213240697, 0.0 ], [ -118.119449821295007, 34.179493652169, 0.0 ], [ -118.119457279295005, 34.179470520168898, 0.0 ], [ -118.11950410192, 34.179249078014301, 0.0 ], [ -118.119506612920006, 34.179225220014402, 0.0 ], [ -118.119506612419997, 34.178995939234099, 0.0 ], [ -118.119504101420006, 34.178972082233997, 0.0 ], [ -118.119457283537997, 34.178750657990001, 0.0 ], [ -118.119449825537998, 34.178727524990002, 0.0 ], [ -118.119376930919003, 34.178560535085801, 0.0 ], [ -118.119375687696007, 34.178557687060803, 0.0 ], [ -118.119368298295001, 34.178534767830897, 0.0 ], [ -118.119281075849003, 34.178334953248701, 0.0 ], [ -118.119268897848997, 34.178313247248703, 0.0 ], [ -118.119151286136997, 34.178143429308797, 0.0 ], [ -118.119134758136994, 34.1781238133089, 0.0 ], [ -118.118997269543001, 34.177987244384298, 0.0 ], [ -118.118976894542996, 34.1779703093843, 0.0 ], [ -118.118827672023997, 34.177865962756499, 0.0 ], [ -118.118804067024001, 34.1778522267564, 0.0 ], [ -118.118648995073002, 34.177777629545602, 0.0 ], [ -118.118622880073005, 34.177767508545699, 0.0 ], [ -118.118465189446994, 34.177719689087603, 0.0 ], [ -118.118437355447, 34.177713490087498, 0.0 ], [ -118.118278684684995, 34.1776901813028, 0.0 ], [ -118.118249979685004, 34.177688094302901, 0.0 ], [ -118.118091143067005, 34.177688094102798, 0.0 ], [ -118.118062437066996, 34.177690181102697, 0.0 ], [ -118.117903755403006, 34.177713491902502, 0.0 ], [ -118.117875922403002, 34.177719690902599, 0.0 ], [ -118.117718253103007, 34.177767503439597, 0.0 ], [ -118.117692137103006, 34.1777776244395, 0.0 ], [ -118.117537004587007, 34.1778522543338, 0.0 ], [ -118.117513400587001, 34.177865991333803, 0.0 ], [ -118.117443746559999, 34.177914696544697, 0.0 ], [ -118.117423048587, 34.177924653334003, 0.0 ], [ -118.117399444586994, 34.177938390333999, 0.0 ], [ -118.117296855324, 34.178010127552199, 0.0 ], [ -118.117281166108, 34.1780192580472, 0.0 ], [ -118.117132023229999, 34.178123547172198, 0.0 ], [ -118.117111647230004, 34.1781404811722, 0.0 ], [ -118.116974078409001, 34.1782771293895, 0.0 ], [ -118.116957550408998, 34.178296747389503, 0.0 ], [ -118.116839984687999, 34.178466504468901, 0.0 ], [ -118.116827806687994, 34.178488209468902, 0.0 ], [ -118.116794011164998, 34.178565629602097, 0.0 ], [ -118.116740569461996, 34.178688055991799, 0.0 ], [ -118.116733111461997, 34.178711188991798, 0.0 ], [ -118.116686298334002, 34.178932568078203, 0.0 ], [ -118.116683786333994, 34.178956425078198, 0.0 ], [ -118.116683786333994, 34.179185800922397, 0.0 ], [ -118.116686298334002, 34.179209657922399, 0.0 ], [ -118.116709594401996, 34.179319810840099, 0.0 ], [ -118.116655442004998, 34.179398001219901, 0.0 ], [ -118.116643263005002, 34.1794197052198, 0.0 ], [ -118.116594866841993, 34.179530558894697, 0.0 ], [ -118.116588417721005, 34.179545330906798, 0.0 ], [ -118.116556009622997, 34.179619563171499, 0.0 ], [ -118.116548550622994, 34.179642696171399, 0.0 ], [ -118.116501719080006, 34.179864165986103, 0.0 ], [ -118.11649920808, 34.179888023986102, 0.0 ], [ -118.116499208394998, 34.180032290399701, 0.0 ], [ -118.116293418411004, 34.1801543274401, 0.0 ], [ -118.116062870902994, 34.180336960455499, 0.0 ], [ -118.116053116906002, 34.180347096995597, 0.0 ], [ -118.115762933233995, 34.180240376066997, 0.0 ], [ -118.115671593886006, 34.180211254790997, 0.0 ], [ -118.115570437342001, 34.180183818269597, 0.0 ], [ -118.115521070072006, 34.180170428467001, 0.0 ], [ -118.115504496002998, 34.180166072024498, 0.0 ], [ -118.115499640913995, 34.180164836405098, 0.0 ], [ -118.115471267811003, 34.180158016594902, 0.0 ], [ -118.115466368203002, 34.180156907744802, 0.0 ], [ -118.115437970805004, 34.180150875502903, 0.0 ], [ -118.115433031511003, 34.180149894516298, 0.0 ], [ -118.115404614964007, 34.180144639438602, 0.0 ], [ -118.115399640860005, 34.180143787283697, 0.0 ], [ -118.115371209437001, 34.180139300190604, 0.0 ], [ -118.115366205431997, 34.180138577708298, 0.0 ], [ -118.115337762663998, 34.180134850677597, 0.0 ], [ -118.115332733695993, 34.1801342585809, 0.0 ], [ -118.115304282482001, 34.1801312849732, 0.0 ], [ -118.115299233512999, 34.180130823846497, 0.0 ], [ -118.115270776249005, 34.180128598327599, 0.0 ], [ -118.115265712262996, 34.180128268626, 0.0 ], [ -118.115237250966004, 34.1801267871829, 0.0 ], [ -118.115232176960006, 34.180126589231598, 0.0 ], [ -118.115203713344002, 34.180125849181302, 0.0 ], [ -118.115198634327001, 34.180125783175903, 0.0 ], [ -118.115170169956002, 34.180125783175903, 0.0 ], [ -118.115165090939001, 34.180125849181401, 0.0 ], [ -118.115136627322997, 34.180126589231598, 0.0 ], [ -118.115131553317994, 34.1801267871829, 0.0 ], [ -118.115103092018998, 34.180128268626, 0.0 ], [ -118.115098028033998, 34.180128598327599, 0.0 ], [ -118.115069570770004, 34.180130823846497, 0.0 ], [ -118.115064521801003, 34.1801312849732, 0.0 ], [ -118.115051070784006, 34.180132690820002, 0.0 ], [ -118.114836967105006, 34.180110544517802, 0.0 ], [ -118.114528724858005, 34.180122331643197, 0.0 ], [ -118.114235994759994, 34.1802196009006, 0.0 ], [ -118.113981997229999, 34.180394636537201, 0.0 ], [ -118.113871405024, 34.180530054905603, 0.0 ], [ -118.113786880282007, 34.180633554086697, 0.0 ], [ -118.113373997281997, 34.1813168630867, 0.0 ], [ -118.113256356967, 34.1815892803548, 0.0 ], [ -118.11321616, 34.181883278, 0.0 ], [ -118.11321616, 34.182104584758797, 0.0 ], [ -118.113206555312004, 34.182124654930099, 0.0 ], [ -118.113204759786001, 34.182128585799703, 0.0 ], [ -118.113188999006994, 34.182164804502001, 0.0 ], [ -118.113187353621996, 34.1821687800877, 0.0 ], [ -118.113172791967997, 34.182205858358898, 0.0 ], [ -118.113171298348007, 34.182209874737403, 0.0 ], [ -118.113157996343006, 34.1822477552628, 0.0 ], [ -118.113156655962001, 34.182251808470397, 0.0 ], [ -118.113144670997997, 34.182290427469297, 0.0 ], [ -118.113143485178995, 34.182294513505902, 0.0 ], [ -118.113132870735996, 34.182333800970902, 0.0 ], [ -118.113131840647995, 34.182337915804098, 0.0 ], [ -118.113122645513002, 34.182377795918498, 0.0 ], [ -118.113121772173997, 34.182381935487498, 0.0 ], [ -118.113114039744005, 34.182422326964101, 0.0 ], [ -118.113113324015998, 34.182426487183598, 0.0 ], [ -118.113107091586997, 34.182467304027298, 0.0 ], [ -118.113106534175998, 34.182471480791698, 0.0 ], [ -118.113101832365004, 34.182512632890102, 0.0 ], [ -118.113101674210995, 34.182514295279901, 0.0 ], [ -118.113066088322995, 34.182592820182798, 0.0 ], [ -118.113034011091997, 34.182671605883797, 0.0 ], [ -118.113008658826999, 34.182741534456397, 0.0 ], [ -118.112902668282004, 34.182773673508699, 0.0 ], [ -118.112876551282, 34.182783795508598, 0.0 ], [ -118.112721516937, 34.182858372322102, 0.0 ], [ -118.112697911937005, 34.182872107322098, 0.0 ], [ -118.112548700098998, 34.182976437605902, 0.0 ], [ -118.112528323098999, 34.1829933726059, 0.0 ], [ -118.112390776130994, 34.1831299963536, 0.0 ], [ -118.112374248131999, 34.183149613353798, 0.0 ], [ -118.112315753070007, 34.183234070903303, 0.0 ], [ -118.112218487446, 34.183330680419502, 0.0 ], [ -118.112201958445993, 34.183350298419498, 0.0 ], [ -118.112084401006001, 34.183520028218901, 0.0 ], [ -118.112072222006006, 34.183541732218899, 0.0 ], [ -118.111984955462006, 34.183741630989502, 0.0 ], [ -118.111977497461993, 34.183764763989402, 0.0 ], [ -118.111930684333998, 34.183986143080702, 0.0 ], [ -118.111928172334004, 34.184010000080796, 0.0 ], [ -118.111928167580004, 34.184239330765699, 0.0 ], [ -118.111930678579995, 34.184263187765602, 0.0 ], [ -118.111977509621994, 34.1844846528262, 0.0 ], [ -118.111984968621996, 34.184507785826199, 0.0 ], [ -118.112072211468004, 34.184707625000897, 0.0 ], [ -118.112084390467999, 34.184729330000899, 0.0 ], [ -118.112201958445993, 34.184899078580798, 0.0 ], [ -118.112218487446, 34.184918696580802, 0.0 ], [ -118.112269517599998, 34.184969383732003, 0.0 ], [ -118.112090570635004, 34.185225170353498, 0.0 ], [ -118.111990510552005, 34.185541561557002, 0.0 ], [ -118.111989797400994, 34.185873397217101, 0.0 ], [ -118.112009496024996, 34.186003799306498, 0.0 ], [ -118.111760283460995, 34.186127959990699, 0.0 ], [ -118.111497692930996, 34.1864053167847, 0.0 ], [ -118.111002232931, 34.187156956784797, 0.0 ], [ -118.110863401973006, 34.187459468933298, 0.0 ], [ -118.110821849421001, 34.187789712813696, 0.0 ], [ -118.110881412992995, 34.188117187722597, 0.0 ], [ -118.110965520620994, 34.188360780172196, 0.0 ], [ -118.110964594278002, 34.1883851659165, 0.0 ], [ -118.110818057526998, 34.188378075144598, 0.0 ], [ -118.110507149854996, 34.188455920928298, 0.0 ], [ -118.110505345484995, 34.188456667240303, 0.0 ], [ -118.109856345484005, 34.188725185680397, 0.0 ], [ -118.108234613365994, 34.188537749304899, 0.0 ], [ -118.108076321737002, 34.1883534665862, 0.0 ], [ -118.107763553102004, 34.188170696690399, 0.0 ], [ -118.107408273057004, 34.188099949655999, 0.0 ], [ -118.107049348920995, 34.188148965145402, 0.0 ], [ -118.107018280868999, 34.188164668745998, 0.0 ], [ -118.106882758002996, 34.1881845746422, 0.0 ], [ -118.106854921003006, 34.188190773642198, 0.0 ], [ -118.106697258620997, 34.188238578125301, 0.0 ], [ -118.106671139621, 34.188248699125303, 0.0 ], [ -118.106516032407995, 34.188323306612503, 0.0 ], [ -118.106492426407996, 34.188337042612602, 0.0 ], [ -118.106343292188996, 34.188441311514701, 0.0 ], [ -118.106322913189004, 34.188458245514603, 0.0 ], [ -118.106257350928004, 34.188523360745798, 0.0 ], [ -118.106228712995005, 34.188457764220402, 0.0 ], [ -118.106216533994996, 34.188436060220397, 0.0 ], [ -118.106098934477998, 34.188266280483901, 0.0 ], [ -118.106082403477998, 34.188246662483898, 0.0 ], [ -118.105944877449005, 34.188110072284701, 0.0 ], [ -118.105924500449007, 34.188093138284799, 0.0 ], [ -118.105812022704995, 34.188014497222298, 0.0 ], [ -118.105772708410996, 34.187895213472103, 0.0 ], [ -118.105585544242999, 34.187551112720897, 0.0 ], [ -118.105289267250996, 34.187294879045801, 0.0 ], [ -118.105215571068001, 34.187251375984303, 0.0 ], [ -118.105279652996003, 34.187220551906897, 0.0 ], [ -118.105296728724994, 34.187219216566, 0.0 ], [ -118.105301777693001, 34.187218755466098, 0.0 ], [ -118.105330227305998, 34.187215782198599, 0.0 ], [ -118.105335256274998, 34.187215190136399, 0.0 ], [ -118.105363697479007, 34.187211463527198, 0.0 ], [ -118.105368701483997, 34.187210741086901, 0.0 ], [ -118.105397131377998, 34.187206254495699, 0.0 ], [ -118.105402105482, 34.187205402390298, 0.0 ], [ -118.105430520542996, 34.187200147892703, 0.0 ], [ -118.105435459836997, 34.187199166963097, 0.0 ], [ -118.105463855807997, 34.1871931353745, 0.0 ], [ -118.105468755415998, 34.187192026588697, 0.0 ], [ -118.105497127147999, 34.187185207503902, 0.0 ], [ -118.105501982237001, 34.187183971956301, 0.0 ], [ -118.105530323599993, 34.187176353781197, 0.0 ], [ -118.105535129377998, 34.187174992690998, 0.0 ], [ -118.105563433105004, 34.1871665626972, 0.0 ], [ -118.105568184828002, 34.187165077407599, 0.0 ], [ -118.105596442388006, 34.1871558217873, 0.0 ], [ -118.105601135368005, 34.187154213764202, 0.0 ], [ -118.105629336819007, 34.187144117701102, 0.0 ], [ -118.105633966423994, 34.187142388531399, 0.0 ], [ -118.105662100279005, 34.187131436279699, 0.0 ], [ -118.105666661940006, 34.187129587669901, 0.0 ], [ -118.105694715013996, 34.1871177626509, 0.0 ], [ -118.105699204228998, 34.187115796425303, 0.0 ], [ -118.105727161486996, 34.1871030813383, 0.0 ], [ -118.105731573826006, 34.187100999437199, 0.0 ], [ -118.105759418239003, 34.187087376386899, 0.0 ], [ -118.105763749347005, 34.187085180865097, 0.0 ], [ -118.105791461734, 34.1870706315094, 0.0 ], [ -118.105795707338004, 34.187068324533399, 0.0 ], [ -118.105823266222998, 34.1870528302492, 0.0 ], [ -118.105827422133004, 34.1870504140958, 0.0 ], [ -118.105854803594994, 34.187033956172499, 0.0 ], [ -118.105858865708001, 34.187031433226203, 0.0 ], [ -118.105886043243999, 34.187013993077997, 0.0 ], [ -118.105890007553, 34.187011365828603, 0.0 ], [ -118.105916951937004, 34.186992925239601, 0.0 ], [ -118.105920814529, 34.186990196279801, 0.0 ], [ -118.105947493716002, 34.186970737661703, 0.0 ], [ -118.105951250778006, 34.186967909684697, 0.0 ], [ -118.10597762978, 34.1869474163801, 0.0 ], [ -118.105981277606006, 34.1869444921767, 0.0 ], [ -118.106007318425, 34.186922948776001, 0.0 ], [ -118.106010853414006, 34.186919931232097, 0.0 ], [ -118.106036514980005, 34.186897323927901, 0.0 ], [ -118.106039933644993, 34.186894216021301, 0.0 ], [ -118.106065171802001, 34.186870532976599, 0.0 ], [ -118.106068470766999, 34.186867337774601, 0.0 ], [ -118.106093238279996, 34.186842569530199, 0.0 ], [ -118.106096414289993, 34.186839290186001, 0.0 ], [ -118.106120660906001, 34.186813430070004, 0.0 ], [ -118.106123710827006, 34.186810069819899, 0.0 ], [ -118.106147383373994, 34.186783114399297, 0.0 ], [ -118.106150304196007, 34.186779676559503, 0.0 ], [ -118.106173346749998, 34.186751626072997, 0.0 ], [ -118.106176135590999, 34.186748114036199, 0.0 ], [ -118.106198489700006, 34.1867189728436, 0.0 ], [ -118.106201143806999, 34.186715390075598, 0.0 ], [ -118.106222748754007, 34.1866851671261, 0.0 ], [ -118.106225265508002, 34.186681517162903, 0.0 ], [ -118.106246058672994, 34.186650226413001, 0.0 ], [ -118.106248435590999, 34.186646512856498, 0.0 ], [ -118.106268352898994, 34.186614173636201, 0.0 ], [ -118.106270587634, 34.186610400151302, 0.0 ], [ -118.106289563982003, 34.1865770376223, 0.0 ], [ -118.106291654328999, 34.186573207932902, 0.0 ], [ -118.106309624201998, 34.186538853318197, 0.0 ], [ -118.106311568097993, 34.186534971203798, 0.0 ], [ -118.106328466161003, 34.186499662081197, 0.0 ], [ -118.106330261688001, 34.186495731372901, 0.0 ], [ -118.106346023469001, 34.186459511849797, 0.0 ], [ -118.106347668853999, 34.186455536426799, 0.0 ], [ -118.106362231470001, 34.186418457220697, 0.0 ], [ -118.106363725090006, 34.1864144410062, 0.0 ], [ -118.106377028012005, 34.186376559413297, 0.0 ], [ -118.106378368394004, 34.186372506370802, 0.0 ], [ -118.106390354211001, 34.186333886192799, 0.0 ], [ -118.106391540030003, 34.186329800322198, 0.0 ], [ -118.106402155256006, 34.186290511553302, 0.0 ], [ -118.106403185342998, 34.186286396886899, 0.0 ], [ -118.106412381170998, 34.186246515383303, 0.0 ], [ -118.106413254510002, 34.186242375981699, 0.0 ], [ -118.106420987535003, 34.186201983029903, 0.0 ], [ -118.106421703262995, 34.186197822978201, 0.0 ], [ -118.106427936179998, 34.186157004583301, 0.0 ], [ -118.106428493590997, 34.186152827987002, 0.0 ], [ -118.106433195774002, 34.186111674278997, 0.0 ], [ -118.106433594319, 34.186107485259903, 0.0 ], [ -118.106436742336001, 34.186066089637301, 0.0 ], [ -118.106436981620007, 34.186061892329398, 0.0 ], [ -118.106438559625005, 34.186020350576101, 0.0 ], [ -118.106438639412005, 34.186016149121699, 0.0 ], [ -118.106438639412005, 34.185974558489498, 0.0 ], [ -118.106438559625005, 34.185970357034797, 0.0 ], [ -118.106436981620007, 34.1859288152895, 0.0 ], [ -118.106436742336001, 34.185924617981001, 0.0 ], [ -118.106433594321004, 34.185883222374997, 0.0 ], [ -118.106433195777001, 34.185879033354801, 0.0 ], [ -118.106428493598003, 34.185837879670899, 0.0 ], [ -118.106427936187004, 34.185833703073101, 0.0 ], [ -118.106421703276993, 34.185792884709002, 0.0 ], [ -118.106420987549001, 34.185788724655403, 0.0 ], [ -118.106413254534999, 34.185748331741301, 0.0 ], [ -118.106412381195994, 34.185744192337403, 0.0 ], [ -118.106403185383996, 34.185704310876901, 0.0 ], [ -118.106402155295996, 34.185700196207797, 0.0 ], [ -118.106397670508002, 34.185683597226799, 0.0 ], [ -118.106401342449004, 34.1856805457153, 0.0 ], [ -118.106538931591004, 34.185543880611696, 0.0 ], [ -118.106555459590993, 34.1855242626117, 0.0 ], [ -118.106673006533995, 34.185354538998901, 0.0 ], [ -118.106685185534005, 34.185332833998899, 0.0 ], [ -118.106772437296001, 34.185132967168599, 0.0 ], [ -118.106779895296, 34.185109835168497, 0.0 ], [ -118.106826717418997, 34.184888397767601, 0.0 ], [ -118.106829228419002, 34.184864540767599, 0.0 ], [ -118.106829228920006, 34.184635259986003, 0.0 ], [ -118.106826717920001, 34.184611401985897, 0.0 ], [ -118.106779895295006, 34.184389959829304, 0.0 ], [ -118.106777947851995, 34.184383919570998, 0.0 ], [ -118.106902185219994, 34.184297046507403, 0.0 ], [ -118.106922561220003, 34.184280111507498, 0.0 ], [ -118.107060066829007, 34.1841435296176, 0.0 ], [ -118.107076595829, 34.184123912617601, 0.0 ], [ -118.107194181531995, 34.183954143001003, 0.0 ], [ -118.107206360532004, 34.183932438001101, 0.0 ], [ -118.107232168571997, 34.183873319755797, 0.0 ], [ -118.107255968312998, 34.183838956530003, 0.0 ], [ -118.107268146313004, 34.183817251530002, 0.0 ], [ -118.107355379295001, 34.183617418170797, 0.0 ], [ -118.107362837295, 34.183594286170901, 0.0 ], [ -118.107409655165995, 34.1833728891676, 0.0 ], [ -118.107412167166004, 34.183349031167502, 0.0 ], [ -118.107412171419995, 34.1831197052337, 0.0 ], [ -118.107409660420004, 34.183095848233798, 0.0 ], [ -118.107392131604001, 34.1830129540662, 0.0 ], [ -118.107362829376996, 34.182874383172098, 0.0 ], [ -118.107355370376993, 34.182851250172099, 0.0 ], [ -118.107268116995996, 34.182651392222802, 0.0 ], [ -118.107255937996001, 34.182629688222697, 0.0 ], [ -118.107138380552996, 34.182459958418903, 0.0 ], [ -118.107121851553003, 34.1824403404189, 0.0 ], [ -118.106984303768996, 34.182303717171997, 0.0 ], [ -118.106963927769002, 34.182286783172103, 0.0 ], [ -118.106814762549007, 34.182182481044997, 0.0 ], [ -118.106791156548994, 34.182168744044901, 0.0 ], [ -118.106636058901003, 34.182094134440902, 0.0 ], [ -118.106609942901002, 34.1820840134409, 0.0 ], [ -118.106452220698003, 34.182036189122201, 0.0 ], [ -118.106424385698006, 34.182029991122299, 0.0 ], [ -118.106265751432005, 34.182006691702902, 0.0 ], [ -118.106237043432998, 34.182004604702897, 0.0 ], [ -118.106078217816005, 34.182004604903, 0.0 ], [ -118.106049510816007, 34.182006691902998, 0.0 ], [ -118.105890879301995, 34.182029991122398, 0.0 ], [ -118.105863044301998, 34.1820361891223, 0.0 ], [ -118.105705301277993, 34.1820840215102, 0.0 ], [ -118.105679184278003, 34.182094143510199, 0.0 ], [ -118.105524102542006, 34.182168747901599, 0.0 ], [ -118.105500498542, 34.182182483901698, 0.0 ], [ -118.105351358551005, 34.182286766284903, 0.0 ], [ -118.105330981551006, 34.182303700284798, 0.0 ], [ -118.105327679764997, 34.182306979813703, 0.0 ], [ -118.105193410132003, 34.182440344352599, 0.0 ], [ -118.105176882132, 34.182459961352698, 0.0 ], [ -118.105059336246995, 34.1826296725324, 0.0 ], [ -118.105047156246997, 34.182651377532402, 0.0 ], [ -118.105021340470003, 34.182710510675697, 0.0 ], [ -118.104997549467001, 34.182744860000298, 0.0 ], [ -118.104985370467006, 34.1827665650003, 0.0 ], [ -118.104898118704995, 34.182966431828497, 0.0 ], [ -118.104890660704996, 34.1829895638284, 0.0 ], [ -118.104861701863001, 34.183126507280498, 0.0 ], [ -118.104844192301002, 34.183130406122402, 0.0 ], [ -118.104686496444998, 34.183178220231099, 0.0 ], [ -118.104660378445004, 34.183188341231201, 0.0 ], [ -118.104505254453997, 34.183262961043198, 0.0 ], [ -118.104481648453998, 34.183276698043201, 0.0 ], [ -118.104332483231005, 34.183381000171799, 0.0 ], [ -118.104312107230996, 34.183397934171701, 0.0 ], [ -118.104174580483004, 34.183534532452299, 0.0 ], [ -118.104158050482994, 34.183554150452402, 0.0 ], [ -118.104040453224002, 34.183723938690498, 0.0 ], [ -118.104028275223996, 34.183745642690504, 0.0 ], [ -118.104020328863996, 34.183763846041899, 0.0 ], [ -118.103995822013999, 34.183756415452301, 0.0 ], [ -118.103994311484001, 34.183723443287597, 0.0 ], [ -118.103913789355005, 34.183358565635103, 0.0 ], [ -118.103850033778997, 34.183256883684997, 0.0 ], [ -118.103840568378004, 34.183212126173402, 0.0 ], [ -118.103833109378002, 34.183188993173303, 0.0 ], [ -118.103745855995001, 34.182989135220403, 0.0 ], [ -118.103733676995006, 34.182967431220398, 0.0 ], [ -118.103616158313997, 34.1827977474262, 0.0 ], [ -118.103599630313994, 34.1827781284262, 0.0 ], [ -118.103586573081998, 34.182765158559803, 0.0 ], [ -118.103587855027001, 34.182748300645699, 0.0 ], [ -118.103588094310993, 34.182744103172702, 0.0 ], [ -118.103589672192996, 34.182702563037999, 0.0 ], [ -118.103589751979996, 34.182698361418304, 0.0 ], [ -118.103589751979996, 34.182656772436097, 0.0 ], [ -118.103589672192996, 34.182652570816202, 0.0 ], [ -118.103588094312002, 34.182611030689699, 0.0 ], [ -118.103587855027996, 34.182606833216099, 0.0 ], [ -118.103584707257994, 34.182565439202001, 0.0 ], [ -118.103584308712996, 34.182561250017102, 0.0 ], [ -118.103579606897, 34.182520097896003, 0.0 ], [ -118.103579049486001, 34.182515921133998, 0.0 ], [ -118.103572817048999, 34.182475104264903, 0.0 ], [ -118.103572101321006, 34.182470944047701, 0.0 ], [ -118.103564368883994, 34.182430552553299, 0.0 ], [ -118.103563495545004, 34.1824264129867, 0.0 ], [ -118.103554300400006, 34.182386532856597, 0.0 ], [ -118.103553270313, 34.182382418025703, 0.0 ], [ -118.103542655858007, 34.1823431305396, 0.0 ], [ -118.103541470039005, 34.182339044505298, 0.0 ], [ -118.103529485061998, 34.182300425485899, 0.0 ], [ -118.103528144680993, 34.182296372280703, 0.0 ], [ -118.103514842666002, 34.182258491749401, 0.0 ], [ -118.103513349045997, 34.182254475373199, 0.0 ], [ -118.103498787377006, 34.182217397084102, 0.0 ], [ -118.103497141991994, 34.182213421500599, 0.0 ], [ -118.103481381199003, 34.182177202787699, 0.0 ], [ -118.103479585673, 34.182173271920398, 0.0 ], [ -118.103462688609994, 34.182137963458601, 0.0 ], [ -118.103460744713999, 34.182134081186703, 0.0 ], [ -118.103442775844997, 34.182099727097899, 0.0 ], [ -118.103440685498001, 34.1820958972528, 0.0 ], [ -118.103421710150997, 34.182062535129297, 0.0 ], [ -118.103419475416999, 34.182058761490701, 0.0 ], [ -118.103399559086995, 34.1820264225424, 0.0 ], [ -118.103397182169999, 34.182022708834303, 0.0 ], [ -118.103376389939996, 34.181991418215503, 0.0 ], [ -118.103373873186996, 34.1819877681029, 0.0 ], [ -118.103352269140004, 34.181957545176097, 0.0 ], [ -118.103349615032997, 34.181953962261296, 0.0 ], [ -118.103327261768001, 34.1819248209748, 0.0 ], [ -118.103324472927994, 34.181921308793697, 0.0 ], [ -118.103301431147997, 34.181893258097503, 0.0 ], [ -118.103298510325999, 34.181889820116197, 0.0 ], [ -118.103274838483003, 34.181862864387, 0.0 ], [ -118.103271788561997, 34.181859503998297, 0.0 ], [ -118.103247542570998, 34.181833643481902, 0.0 ], [ -118.103244366560006, 34.181830364002202, 0.0 ], [ -118.103219599593999, 34.1818055952807, 0.0 ], [ -118.103216300629001, 34.181802399946399, 0.0 ], [ -118.103191062921994, 34.181778716343899, 0.0 ], [ -118.103187644258, 34.181775608308499, 0.0 ], [ -118.103161983050995, 34.181753000383303, 0.0 ], [ -118.103158448062004, 34.181749982714003, 0.0 ], [ -118.103132407508994, 34.181728438637798, 0.0 ], [ -118.103128759681994, 34.181725514312703, 0.0 ], [ -118.103102380858004, 34.181705020292497, 0.0 ], [ -118.103098623795006, 34.181702192197598, 0.0 ], [ -118.103071944676003, 34.181682732816903, 0.0 ], [ -118.103068082083993, 34.181680003743203, 0.0 ], [ -118.103041137678005, 34.181661562370202, 0.0 ], [ -118.103037173369998, 34.181658935010901, 0.0 ], [ -118.103009995719006, 34.181641494059903, 0.0 ], [ -118.103005933605999, 34.181638971007899, 0.0 ], [ -118.102978551933006, 34.181622512268703, 0.0 ], [ -118.102974396023001, 34.181620096014001, 0.0 ], [ -118.102946836840005, 34.181604600912699, 0.0 ], [ -118.102942591236001, 34.181602293839902, 0.0 ], [ -118.102914878457995, 34.1815877436675, 0.0 ], [ -118.102910547348998, 34.181585548053299, 0.0 ], [ -118.102882702466999, 34.181571924200298, 0.0 ], [ -118.102878290128004, 34.181569842211701, 0.0 ], [ -118.102850332314006, 34.181557126336997, 0.0 ], [ -118.102845843099004, 34.181555160028502, 0.0 ], [ -118.102817789395999, 34.181543334245703, 0.0 ], [ -118.102813227734998, 34.181541485557901, 0.0 ], [ -118.102785093172997, 34.181530532569298, 0.0 ], [ -118.102780463569005, 34.1815288033266, 0.0 ], [ -118.102752261347007, 34.181518706561398, 0.0 ], [ -118.102747568366993, 34.181517098470401, 0.0 ], [ -118.102719309969999, 34.181507842184701, 0.0 ], [ -118.102714558247001, 34.181506356832401, 0.0 ], [ -118.102686253626004, 34.181497926215798, 0.0 ], [ -118.102681447848994, 34.181496565068002, 0.0 ], [ -118.102653105534998, 34.181488946315, 0.0 ], [ -118.102648250445995, 34.181487710714997, 0.0 ], [ -118.102619877715995, 34.181480891101202, 0.0 ], [ -118.102614978106999, 34.181479782268497, 0.0 ], [ -118.102586581097995, 34.1814737502037, 0.0 ], [ -118.102581641805003, 34.181472769232499, 0.0 ], [ -118.102553225657005, 34.181467514311201, 0.0 ], [ -118.102548251553998, 34.181466662169598, 0.0 ], [ -118.102519820542994, 34.181462175211898, 0.0 ], [ -118.102514816538005, 34.181461452740997, 0.0 ], [ -118.102486374193006, 34.181457725824103, 0.0 ], [ -118.102481345225002, 34.181457133736799, 0.0 ], [ -118.102452894441996, 34.181454160220703, 0.0 ], [ -118.102447845474003, 34.181453699101297, 0.0 ], [ -118.102419388651001, 34.181451473651798, 0.0 ], [ -118.102414324666, 34.1814511439553, 0.0 ], [ -118.102385863807001, 34.1814496625583, 0.0 ], [ -118.102380789801998, 34.181449464610097, 0.0 ], [ -118.102352326629997, 34.181448724582999, 0.0 ], [ -118.102347247612002, 34.181448658578603, 0.0 ], [ -118.102318783691999, 34.181448658578603, 0.0 ], [ -118.102313704674003, 34.181448724582999, 0.0 ], [ -118.102285241502003, 34.181449464610097, 0.0 ], [ -118.102280167497, 34.1814496625583, 0.0 ], [ -118.102251706638995, 34.1814511439553, 0.0 ], [ -118.102246642653, 34.181451473651798, 0.0 ], [ -118.102218185829003, 34.181453699101297, 0.0 ], [ -118.102213136860996, 34.181454160220802, 0.0 ], [ -118.102184686078999, 34.1814571337367, 0.0 ], [ -118.102179657110995, 34.181457725824103, 0.0 ], [ -118.102151214765996, 34.181461452740997, 0.0 ], [ -118.102146210761006, 34.181462175211898, 0.0 ], [ -118.102117779750003, 34.181466662169697, 0.0 ], [ -118.102112805646001, 34.181467514311301, 0.0 ], [ -118.102084389501002, 34.1814727692323, 0.0 ], [ -118.102079450207, 34.181473750203502, 0.0 ], [ -118.102051053197002, 34.181479782268497, 0.0 ], [ -118.102046153588006, 34.181480891101202, 0.0 ], [ -118.102017780856997, 34.181487710715203, 0.0 ], [ -118.102012925767994, 34.181488946315199, 0.0 ], [ -118.101984583456002, 34.181496565067803, 0.0 ], [ -118.101979777679006, 34.181497926215599, 0.0 ], [ -118.101951473056999, 34.181506356832401, 0.0 ], [ -118.101946721334002, 34.181507842184701, 0.0 ], [ -118.101918462936993, 34.181517098470401, 0.0 ], [ -118.101913769956994, 34.181518706561398, 0.0 ], [ -118.101885567733007, 34.181528803327403, 0.0 ], [ -118.101880938129, 34.1815305325701, 0.0 ], [ -118.101852803569003, 34.181541485557901, 0.0 ], [ -118.101848241908002, 34.181543334245703, 0.0 ], [ -118.101820188204996, 34.181555160028502, 0.0 ], [ -118.101815698989995, 34.181557126336997, 0.0 ], [ -118.101787741180004, 34.181569842209903, 0.0 ], [ -118.101783328840995, 34.1815719241986, 0.0 ], [ -118.101755483952005, 34.181585548054699, 0.0 ], [ -118.101751152842994, 34.1815877436688, 0.0 ], [ -118.101723440068994, 34.181602293839198, 0.0 ], [ -118.101719194465005, 34.181604600912003, 0.0 ], [ -118.101691635278996, 34.181620096014797, 0.0 ], [ -118.10168747937, 34.181622512269499, 0.0 ], [ -118.101660097700005, 34.181638971006997, 0.0 ], [ -118.101656035586004, 34.181641494058901, 0.0 ], [ -118.101628857936007, 34.181658935009899, 0.0 ], [ -118.101624893627005, 34.1816615623692, 0.0 ], [ -118.101597949216, 34.181680003746401, 0.0 ], [ -118.101594086624004, 34.1816827328202, 0.0 ], [ -118.101567407511993, 34.181702192195203, 0.0 ], [ -118.101563650448995, 34.181705020290103, 0.0 ], [ -118.101537271620998, 34.181725514312703, 0.0 ], [ -118.101533623795007, 34.181728438637798, 0.0 ], [ -118.101507583241997, 34.181749982714003, 0.0 ], [ -118.101504048253005, 34.181753000383303, 0.0 ], [ -118.101478387046001, 34.181775608308499, 0.0 ], [ -118.101474968382007, 34.181778716343899, 0.0 ], [ -118.101449730675, 34.181802399946399, 0.0 ], [ -118.101446431708993, 34.1818055952807, 0.0 ], [ -118.101421664742006, 34.181830364004, 0.0 ], [ -118.101418488731994, 34.181833643483699, 0.0 ], [ -118.10139424274, 34.181859504000201, 0.0 ], [ -118.101391192818994, 34.181862864388897, 0.0 ], [ -118.101367520980006, 34.181889820114201, 0.0 ], [ -118.101364600158007, 34.181893258095499, 0.0 ], [ -118.101341558377996, 34.181921308791601, 0.0 ], [ -118.101338769536994, 34.181924820972696, 0.0 ], [ -118.101316416271004, 34.181953962261296, 0.0 ], [ -118.101313762163997, 34.181957545176097, 0.0 ], [ -118.101292158114006, 34.181987768107703, 0.0 ], [ -118.101289641359998, 34.1819914182202, 0.0 ], [ -118.101268849137, 34.182022708829301, 0.0 ], [ -118.101266472220004, 34.182026422537398, 0.0 ], [ -118.101246555887002, 34.182058761490701, 0.0 ], [ -118.101244321153004, 34.182062535129297, 0.0 ], [ -118.101225345803002, 34.1820958972583, 0.0 ], [ -118.101223255456006, 34.182099727103299, 0.0 ], [ -118.101205286590002, 34.182134081186703, 0.0 ], [ -118.101203342694006, 34.182137963458601, 0.0 ], [ -118.101186445633999, 34.182173271914401, 0.0 ], [ -118.101184650107001, 34.182177202781702, 0.0 ], [ -118.101168889310003, 34.182213421506802, 0.0 ], [ -118.101167243923996, 34.182217397090199, 0.0 ], [ -118.101152682258999, 34.182254475370002, 0.0 ], [ -118.101151188638994, 34.182258491746197, 0.0 ], [ -118.101137886621999, 34.182296372284, 0.0 ], [ -118.101136546240994, 34.182300425489203, 0.0 ], [ -118.101124561267, 34.182339044498598, 0.0 ], [ -118.101123375447997, 34.1823431305329, 0.0 ], [ -118.101112760991995, 34.1823824180223, 0.0 ], [ -118.101111730903995, 34.182386532853201, 0.0 ], [ -118.101102535758997, 34.1824264129867, 0.0 ], [ -118.101101662420007, 34.182430552553299, 0.0 ], [ -118.101093929982, 34.182470944051303, 0.0 ], [ -118.101093214254007, 34.182475104268399, 0.0 ], [ -118.101086981818, 34.182515921133998, 0.0 ], [ -118.101086424407001, 34.182520097896003, 0.0 ], [ -118.101081722589996, 34.182561250024399, 0.0 ], [ -118.101081324046007, 34.182565439209299, 0.0 ], [ -118.101080602970995, 34.182574921536201, 0.0 ], [ -118.100923590094993, 34.182622527267, 0.0 ], [ -118.100897474095007, 34.182632647266999, 0.0 ], [ -118.100742342456002, 34.182707270041597, 0.0 ], [ -118.100718736456002, 34.1827210070416, 0.0 ], [ -118.100569567099001, 34.1828253126058, 0.0 ], [ -118.100549190099002, 34.182842247605798, 0.0 ], [ -118.100496687081005, 34.182894398221698, 0.0 ], [ -118.100038957836006, 34.1825115497521, 0.0 ], [ -118.099121138068, 34.1815205762883, 0.0 ], [ -118.099105023396007, 34.181503546524702, 0.0 ], [ -118.098438015043996, 34.180813605495501, 0.0 ], [ -118.098520109801001, 34.180736551786502, 0.0 ], [ -118.098632970289998, 34.180613105062797, 0.0 ], [ -118.098908719289994, 34.180260868062703, 0.0 ], [ -118.099072367470995, 34.179968830895703, 0.0 ], [ -118.099140157625001, 34.179641003305001, 0.0 ], [ -118.099167579625004, 34.179098281305102, 0.0 ], [ -118.099149901820994, 34.178880466353199, 0.0 ], [ -118.099158031599003, 34.178862560853297, 0.0 ], [ -118.099255511230993, 34.178376685067803, 0.0 ], [ -118.099239407987, 34.177843817530999, 0.0 ], [ -118.099269765098995, 34.177238089801101, 0.0 ], [ -118.099336962077004, 34.177029447488401, 0.0 ], [ -118.099466870496002, 34.176966952534102, 0.0 ], [ -118.099490474495994, 34.176953217534098, 0.0 ], [ -118.099639705415996, 34.176848867045699, 0.0 ], [ -118.099660079415997, 34.176831933045598, 0.0 ], [ -118.099797628629005, 34.176695293639199, 0.0 ], [ -118.099814155629005, 34.176675675639203, 0.0 ], [ -118.099931700312993, 34.176505943530003, 0.0 ], [ -118.099943878312999, 34.176484238530001, 0.0 ], [ -118.100031115538002, 34.176284392010601, 0.0 ], [ -118.100038573538001, 34.176261259010701, 0.0 ], [ -118.100085391419995, 34.176039834764197, 0.0 ], [ -118.10008790242, 34.176015977764102, 0.0 ], [ -118.100087898167004, 34.175786651834699, 0.0 ], [ -118.100085386166995, 34.1757627938347, 0.0 ], [ -118.100038581454996, 34.1755414376494, 0.0 ], [ -118.100031124455001, 34.175518305649497, 0.0 ], [ -118.099943897090995, 34.175318464939799, 0.0 ], [ -118.099931720091007, 34.175296759939798, 0.0 ], [ -118.099862414087994, 34.175196682936999, 0.0 ], [ -118.099862413419999, 34.1751674862344, 0.0 ], [ -118.099859902419993, 34.175143629234498, 0.0 ], [ -118.099813093456007, 34.174922232652499, 0.0 ], [ -118.099805636455997, 34.174899100652397, 0.0 ], [ -118.099718390312006, 34.174699226468903, 0.0 ], [ -118.099706212312, 34.174677521468901, 0.0 ], [ -118.099690491855995, 34.174654821453501, 0.0 ], [ -118.099588667629007, 34.174507789361002, 0.0 ], [ -118.099572140628993, 34.174488171360998, 0.0 ], [ -118.099434591413001, 34.174351531951302, 0.0 ], [ -118.099427781228002, 34.174345871615898, 0.0 ], [ -118.099414217412999, 34.1743345979514, 0.0 ], [ -118.099265016458006, 34.174230264901503, 0.0 ], [ -118.099241412457999, 34.174216528901397, 0.0 ], [ -118.099086383430006, 34.1741419449394, 0.0 ], [ -118.099060270430002, 34.174131822939401, 0.0 ], [ -118.098902454403998, 34.1740839656036, 0.0 ], [ -118.098874621403994, 34.174077768603603, 0.0 ], [ -118.098845817565007, 34.174073537695797, 0.0 ], [ -118.098848409512996, 34.174050849612598, 0.0 ], [ -118.098848808056999, 34.174046659994602, 0.0 ], [ -118.098851955182994, 34.174005270185098, 0.0 ], [ -118.098852194467, 34.1740010722772, 0.0 ], [ -118.098853772021997, 34.173959536433799, 0.0 ], [ -118.098853851808997, 34.173955334378803, 0.0 ], [ -118.098853851808997, 34.173913749689397, 0.0 ], [ -118.098853772021997, 34.173909547634103, 0.0 ], [ -118.098852194467, 34.173868011798803, 0.0 ], [ -118.098851955182994, 34.1738638138902, 0.0 ], [ -118.098848808059998, 34.173822424097402, 0.0 ], [ -118.098848409515995, 34.173818234478397, 0.0 ], [ -118.098843708653007, 34.173777086440097, 0.0 ], [ -118.098843151241994, 34.173772909245301, 0.0 ], [ -118.098836920053998, 34.173732096329402, 0.0 ], [ -118.098836204326005, 34.1737279356811, 0.0 ], [ -118.098832733400002, 34.173709802925401, 0.0 ], [ -118.098900252898005, 34.173568690404998, 0.0 ], [ -118.099103841898, 34.173039759404901, 0.0 ], [ -118.099150872544001, 34.172883881155599, 0.0 ], [ -118.099268545544007, 34.172354254155699, 0.0 ], [ -118.099293215922998, 34.172172087047002, 0.0 ], [ -118.099324929923, 34.171545701046902, 0.0 ], [ -118.099302462755006, 34.171262914906201, 0.0 ], [ -118.099292210957998, 34.171233843103998, 0.0 ], [ -118.099346077758995, 34.171207927661001, 0.0 ], [ -118.099369678759004, 34.171194191661101, 0.0 ], [ -118.099518827416006, 34.171089889045803, 0.0 ], [ -118.099539201415993, 34.171072955045702, 0.0 ], [ -118.099676810427994, 34.1709362446502, 0.0 ], [ -118.099693335428, 34.1709166256502, 0.0 ], [ -118.099724277920998, 34.170871940545702, 0.0 ], [ -118.099786403547, 34.170890780802203, 0.0 ], [ -118.099814233546994, 34.170896978802297, 0.0 ], [ -118.099972894806996, 34.170920286296798, 0.0 ], [ -118.100001597806994, 34.170922373296797, 0.0 ], [ -118.100160448192995, 34.170922373296797, 0.0 ], [ -118.100189151193007, 34.170920286296798, 0.0 ], [ -118.100347812452995, 34.170896978802197, 0.0 ], [ -118.100375642453002, 34.170890780802097, 0.0 ], [ -118.100521583008998, 34.170846522776898, 0.0 ], [ -118.100533363430998, 34.1708429502388, 0.0 ], [ -118.100559476431002, 34.170832829238798, 0.0 ], [ -118.100714604280995, 34.170758194373001, 0.0 ], [ -118.100738206280994, 34.170744457373097, 0.0 ], [ -118.100887342416996, 34.170640162045302, 0.0 ], [ -118.100907716416998, 34.170623228045201, 0.0 ], [ -118.101045307704993, 34.170486538690199, 0.0 ], [ -118.101061832705, 34.170466920690302, 0.0 ], [ -118.101179372870007, 34.170297171585197, 0.0 ], [ -118.101191548870005, 34.170275466585203, 0.0 ], [ -118.101278757455006, 34.1700756593496, 0.0 ], [ -118.101286214455001, 34.170052527349696, 0.0 ], [ -118.101333013909993, 34.1698312210778, 0.0 ], [ -118.101335526910006, 34.169807364077698, 0.0 ], [ -118.101335532166004, 34.169577947831698, 0.0 ], [ -118.101333020165995, 34.169554089831699, 0.0 ], [ -118.101311298425003, 34.1694513766356, 0.0 ], [ -118.102781805025998, 34.1694513766356, 0.0 ], [ -118.102792228922993, 34.169453591241201, 0.0 ], [ -118.102797168216, 34.169454572377099, 0.0 ], [ -118.102825588661005, 34.169459828975199, 0.0 ], [ -118.102830562763998, 34.1694606812598, 0.0 ], [ -118.102858998203004, 34.169465169669401, 0.0 ], [ -118.102864002207994, 34.169465892261698, 0.0 ], [ -118.102892449090007, 34.169469620398601, 0.0 ], [ -118.102897478057997, 34.169470212585303, 0.0 ], [ -118.102925933457001, 34.169473187082801, 0.0 ], [ -118.102930982426003, 34.169473648279599, 0.0 ], [ -118.102959443939994, 34.169475874469398, 0.0 ], [ -118.102964507926004, 34.169476204221297, 0.0 ], [ -118.102992973522007, 34.169477686113503, 0.0 ], [ -118.102998047528004, 34.169477884094803, 0.0 ], [ -118.103026515460996, 34.169478624369901, 0.0 ], [ -118.103031594479006, 34.169478690385397, 0.0 ], [ -118.103060063181005, 34.169478690385397, 0.0 ], [ -118.103065142199, 34.169478624369901, 0.0 ], [ -118.103093610132007, 34.169477884094803, 0.0 ], [ -118.103098684136995, 34.169477686113503, 0.0 ], [ -118.103127149735002, 34.169476204221198, 0.0 ], [ -118.103132213720002, 34.169475874469398, 0.0 ], [ -118.103160675233994, 34.169473648279599, 0.0 ], [ -118.103165724202, 34.169473187082801, 0.0 ], [ -118.103194179601999, 34.169470212585303, 0.0 ], [ -118.103199208570004, 34.169469620398502, 0.0 ], [ -118.103227655452002, 34.169465892261698, 0.0 ], [ -118.103232659457007, 34.169465169669401, 0.0 ], [ -118.103261094895998, 34.1694606812598, 0.0 ], [ -118.103266068999005, 34.169459828975199, 0.0 ], [ -118.103294489442007, 34.169454572377397, 0.0 ], [ -118.103299428735994, 34.169453591241499, 0.0 ], [ -118.103327829904003, 34.169447557280499, 0.0 ], [ -118.103332729512999, 34.169446448261603, 0.0 ], [ -118.103361106237998, 34.169439626542598, 0.0 ], [ -118.103365961326006, 34.169438390735102, 0.0 ], [ -118.103394307437995, 34.169430769681703, 0.0 ], [ -118.103399113215005, 34.169429408305199, 0.0 ], [ -118.103427421442007, 34.169420975198598, 0.0 ], [ -118.103432173165004, 34.169419489596699, 0.0 ], [ -118.103460434938995, 34.169410230649902, 0.0 ], [ -118.103465127918994, 34.1694086222886, 0.0 ], [ -118.103493333279005, 34.169398522703297, 0.0 ], [ -118.103497962882997, 34.169396793169902, 0.0 ], [ -118.103526100321005, 34.169385837220901, 0.0 ], [ -118.103530661982006, 34.169383988222201, 0.0 ], [ -118.103558718284006, 34.169372159355603, 0.0 ], [ -118.103563207498993, 34.1693701927164, 0.0 ], [ -118.103591167613004, 34.1693574736572, 0.0 ], [ -118.103595579952, 34.169355391318298, 0.0 ], [ -118.103623426824001, 34.169341764200297, 0.0 ], [ -118.103627757932998, 34.169339568216699, 0.0 ], [ -118.103655472368999, 34.169325014725501, 0.0 ], [ -118.103659717973002, 34.1693227072643, 0.0 ], [ -118.103687278481004, 34.169307208810302, 0.0 ], [ -118.103691434390001, 34.1693047921488, 0.0 ], [ -118.103718817022994, 34.169288330061903, 0.0 ], [ -118.103722879136996, 34.169285806584902, 0.0 ], [ -118.103750057385994, 34.169268362311698, 0.0 ], [ -118.103754021694996, 34.1692657345097, 0.0 ], [ -118.103780966320997, 34.169247289878903, 0.0 ], [ -118.103784828913007, 34.169244560345099, 0.0 ], [ -118.103811507866993, 34.169225097805302, 0.0 ], [ -118.103815264930006, 34.169222269233501, 0.0 ], [ -118.103841643216995, 34.169201772175903, 0.0 ], [ -118.103845291043001, 34.169198847357499, 0.0 ], [ -118.103871330659999, 34.169177300421801, 0.0 ], [ -118.103874865649999, 34.169174282243198, 0.0 ], [ -118.103900525536005, 34.169151671667002, 0.0 ], [ -118.103903944199999, 34.169148563106802, 0.0 ], [ -118.103929180213001, 34.169124877096003, 0.0 ], [ -118.103932479178994, 34.169121681221903, 0.0 ], [ -118.103957244084995, 34.169096910376801, 0.0 ], [ -118.103960420096001, 34.1690936303429, 0.0 ], [ -118.103984663671, 34.169067768034601, 0.0 ], [ -118.103987713592005, 34.169064407077698, 0.0 ], [ -118.104011382685997, 34.169037449923202, 0.0 ], [ -118.104014303507995, 34.169034011360303, 0.0 ], [ -118.104037342233994, 34.169005959638604, 0.0 ], [ -118.104040131074001, 34.169002446863097, 0.0 ], [ -118.104062481, 34.168973305, 0.0 ], [ -118.104065135107007, 34.168969721478497, 0.0 ], [ -118.104086735582001, 34.168939498433403, 0.0 ], [ -118.104089252335001, 34.1689358477024, 0.0 ], [ -118.10411004078, 34.168904557481, 0.0 ], [ -118.104112417696996, 34.168900843143398, 0.0 ], [ -118.104132330081995, 34.1688685051219, 0.0 ], [ -118.104134564817002, 34.168864730843303, 0.0 ], [ -118.104153536111994, 34.168831370187398, 0.0 ], [ -118.104155626459004, 34.1688275396926, 0.0 ], [ -118.104173591214007, 34.1687931876425, 0.0 ], [ -118.104175535110002, 34.168789304711602, 0.0 ], [ -118.104192428055995, 34.168753998862002, 0.0 ], [ -118.104194223582994, 34.168750067326997, 0.0 ], [ -118.104209980318998, 34.168713851787103, 0.0 ], [ -118.104211625703996, 34.168709875528002, 0.0 ], [ -118.104226183427997, 34.168672800985497, 0.0 ], [ -118.104227677048996, 34.168668783926201, 0.0 ], [ -118.104240975297003, 34.168630907683102, 0.0 ], [ -118.104242315677993, 34.168626853788098, 0.0 ], [ -118.104254297121997, 34.1685882395861, 0.0 ], [ -118.104255482941994, 34.168584152856099, 0.0 ], [ -118.104266094162995, 34.168544870653498, 0.0 ], [ -118.104267124250995, 34.168540755121697, 0.0 ], [ -118.104276316503004, 34.1685008807464, 0.0 ], [ -118.104277189841994, 34.168496740474197, 0.0 ], [ -118.104284919790999, 34.168456355098897, 0.0 ], [ -118.104285635519005, 34.168452194172303, 0.0 ], [ -118.104291865904003, 34.168411383785802, 0.0 ], [ -118.104292423315002, 34.168407206311002, 0.0 ], [ -118.104297123560997, 34.168366060912298, 0.0 ], [ -118.104297522105995, 34.168361871012102, 0.0 ], [ -118.104300668811007, 34.1683204839415, 0.0 ], [ -118.104300908094999, 34.168316285750798, 0.0 ], [ -118.104302485437998, 34.168274752691801, 0.0 ], [ -118.104302565224998, 34.168270550353697, 0.0 ], [ -118.104302565224998, 34.168228968464199, 0.0 ], [ -118.104302485437998, 34.168224766125803, 0.0 ], [ -118.104300908094999, 34.168183233075098, 0.0 ], [ -118.104300668811007, 34.168179034883799, 0.0 ], [ -118.104297522107998, 34.168137647829496, 0.0 ], [ -118.104297123563995, 34.168133457928199, 0.0 ], [ -118.104292423321994, 34.168092312553, 0.0 ], [ -118.10429186591, 34.1680881350769, 0.0 ], [ -118.104285635533003, 34.168047324721897, 0.0 ], [ -118.104284919804996, 34.168043163793399, 0.0 ], [ -118.104277189865996, 34.168002778455197, 0.0 ], [ -118.104276316528001, 34.167998638180698, 0.0 ], [ -118.104267124290999, 34.167958763848397, 0.0 ], [ -118.104266094202998, 34.167954648313902, 0.0 ], [ -118.104255483002007, 34.167915366159598, 0.0 ], [ -118.104254297183004, 34.167911279426598, 0.0 ], [ -118.104242315763997, 34.1678726652747, 0.0 ], [ -118.104240975382993, 34.167868611376399, 0.0 ], [ -118.104227677164999, 34.167830735186101, 0.0 ], [ -118.104226183544, 34.167826718123102, 0.0 ], [ -118.104211625855996, 34.167789643635999, 0.0 ], [ -118.104209980470998, 34.167785667372698, 0.0 ], [ -118.104194223776005, 34.167749451887403, 0.0 ], [ -118.104192428248993, 34.1677455203479, 0.0 ], [ -118.104175535348006, 34.167710214551398, 0.0 ], [ -118.104173591451996, 34.167706331615697, 0.0 ], [ -118.104155626747001, 34.167671979618703, 0.0 ], [ -118.104153536400005, 34.167668149118803, 0.0 ], [ -118.104134565156997, 34.167634788510703, 0.0 ], [ -118.104132330422999, 34.167631014226799, 0.0 ], [ -118.104112418094999, 34.167598676251401, 0.0 ], [ -118.104110041178004, 34.167594961908399, 0.0 ], [ -118.104089252791994, 34.167563671727002, 0.0 ], [ -118.104086736037999, 34.167560020990301, 0.0 ], [ -118.104065135623003, 34.167529797981203, 0.0 ], [ -118.104062481517005, 34.167526214453702, 0.0 ], [ -118.104040131651004, 34.167497072619497, 0.0 ], [ -118.104037342810003, 34.167493559837801, 0.0 ], [ -118.104014304144997, 34.167465508140097, 0.0 ], [ -118.104011383322998, 34.167462069571002, 0.0 ], [ -118.103987714287996, 34.167435112432898, 0.0 ], [ -118.103984664367005, 34.167431751469699, 0.0 ], [ -118.103960420850996, 34.167405889174503, 0.0 ], [ -118.103957244840998, 34.167402609134101, 0.0 ], [ -118.103932479986995, 34.167377838291898, 0.0 ], [ -118.103929181021996, 34.167374642411303, 0.0 ], [ -118.103903945059997, 34.167350956399403, 0.0 ], [ -118.103900526396004, 34.167347847832602, 0.0 ], [ -118.103874866557007, 34.167325237248903, 0.0 ], [ -118.103871331568001, 34.1673222190636, 0.0 ], [ -118.103845291992002, 34.1673006721145, 0.0 ], [ -118.103842151224995, 34.167298153849003, 0.0 ], [ -118.103841644165996, 34.167297747289403, 0.0 ], [ -118.103815265915998, 34.1672772502125, 0.0 ], [ -118.103811508852999, 34.167274421633998, 0.0 ], [ -118.103784829930007, 34.1672549590713, 0.0 ], [ -118.103780967337997, 34.167252229530902, 0.0 ], [ -118.103754022733995, 34.1672337848699, 0.0 ], [ -118.103750058425007, 34.167231157061401, 0.0 ], [ -118.103722880193004, 34.167213712756002, 0.0 ], [ -118.103718818079997, 34.167211189272699, 0.0 ], [ -118.103691435458998, 34.167194727150402, 0.0 ], [ -118.103687279549007, 34.167192310482598, 0.0 ], [ -118.103659719042994, 34.167176811988597, 0.0 ], [ -118.103655473437996, 34.167174504521299, 0.0 ], [ -118.103627758997007, 34.167159950988697, 0.0 ], [ -118.103623427887996, 34.167157754999103, 0.0 ], [ -118.103595581004996, 34.167144127838299, 0.0 ], [ -118.103591168666, 34.167142045493598, 0.0 ], [ -118.103563208531, 34.167129326389301, 0.0 ], [ -118.103558719315004, 34.167127359744597, 0.0 ], [ -118.103530662988007, 34.167115530834103, 0.0 ], [ -118.103526101327006, 34.167113681830202, 0.0 ], [ -118.103497963856, 34.167102725836699, 0.0 ], [ -118.103493334251993, 34.167100996298302, 0.0 ], [ -118.103465128848995, 34.167090896668597, 0.0 ], [ -118.103460435870005, 34.167089288302599, 0.0 ], [ -118.103432174047001, 34.167080029312402, 0.0 ], [ -118.103427422324003, 34.167078543706097, 0.0 ], [ -118.103399114046994, 34.1670701105596, 0.0 ], [ -118.103394308269998, 34.167068749179101, 0.0 ], [ -118.103365962092994, 34.167061128085201, 0.0 ], [ -118.103361107005, 34.167059892273898, 0.0 ], [ -118.103332730212998, 34.167053070518101, 0.0 ], [ -118.103330693502997, 34.167052609510698, 0.0 ], [ -118.103327830604002, 34.167051961495801, 0.0 ], [ -118.103299429372001, 34.167045927502798, 0.0 ], [ -118.103294490078994, 34.167044946363902, 0.0 ], [ -118.103266069556, 34.167039689735198, 0.0 ], [ -118.103261095453007, 34.167038837447897, 0.0 ], [ -118.103232659933994, 34.167034349011601, 0.0 ], [ -118.103227655927995, 34.167033626417101, 0.0 ], [ -118.103199208967993, 34.167029898258399, 0.0 ], [ -118.10319418, 34.1670293060698, 0.0 ], [ -118.103165724511001, 34.167026331553501, 0.0 ], [ -118.103160675542995, 34.167025870355197, 0.0 ], [ -118.103132213945003, 34.167023644151797, 0.0 ], [ -118.103127149958993, 34.167023314399003, 0.0 ], [ -118.103098684272993, 34.167021832497397, 0.0 ], [ -118.103093610268004, 34.1670216345155, 0.0 ], [ -118.103065142242002, 34.167020894235598, 0.0 ], [ -118.103060063224007, 34.167020828219897, 0.0 ], [ -118.103031594436004, 34.167020828219897, 0.0 ], [ -118.103026515417994, 34.167020894235598, 0.0 ], [ -118.102998047392006, 34.1670216345155, 0.0 ], [ -118.102992973385994, 34.167021832497397, 0.0 ], [ -118.102964507701003, 34.167023314399003, 0.0 ], [ -118.102959443716003, 34.167023644151797, 0.0 ], [ -118.102930982117002, 34.167025870355303, 0.0 ], [ -118.102925933148001, 34.1670263315536, 0.0 ], [ -118.102897477659994, 34.167029306069701, 0.0 ], [ -118.102892448692003, 34.167029898258299, 0.0 ], [ -118.102864001731007, 34.167033626417101, 0.0 ], [ -118.102858997726003, 34.167034349011601, 0.0 ], [ -118.102830562207004, 34.167038837447897, 0.0 ], [ -118.102825588103002, 34.167039689735198, 0.0 ], [ -118.102797167579993, 34.167044946364101, 0.0 ], [ -118.102792807545001, 34.167045812439397, 0.0 ], [ -118.102792228287001, 34.167045927502997, 0.0 ], [ -118.102781634465998, 34.167048178216596, 0.0 ], [ -118.102792807545001, 34.167043289994602, 0.0 ], [ -118.102852527389999, 34.167017162562601, 0.0 ], [ -118.102827170992995, 34.1660029066988, 0.0 ], [ -118.102346990233002, 34.1660029066988, 0.0 ], [ -118.102326793854999, 34.1659073796313, 0.0 ], [ -118.102319337854993, 34.1658842466313, 0.0 ], [ -118.102232101333996, 34.165684366634203, 0.0 ], [ -118.102219925333998, 34.165662662634197, 0.0 ], [ -118.102102395708997, 34.1654929323144, 0.0 ], [ -118.102085870709004, 34.165473314314298, 0.0 ], [ -118.101948299734005, 34.165336641841897, 0.0 ], [ -118.101927926734007, 34.165319707842002, 0.0 ], [ -118.101778787719994, 34.165215405777403, 0.0 ], [ -118.101755186719998, 34.165201668777399, 0.0 ], [ -118.101600033788998, 34.165127020799602, 0.0 ], [ -118.101573922789001, 34.165116900799497, 0.0 ], [ -118.101416246043001, 34.165069081347397, 0.0 ], [ -118.101388416042994, 34.165062882347499, 0.0 ], [ -118.101229723699007, 34.165039567103697, 0.0 ], [ -118.101201022699001, 34.165037480103699, 0.0 ], [ -118.101140487487996, 34.165037480103699, 0.0 ], [ -118.101100581699001, 34.165031617103701, 0.0 ], [ -118.101071880698996, 34.165029530103702, 0.0 ], [ -118.100913019301004, 34.165029530103702, 0.0 ], [ -118.100884318300999, 34.165031617103701, 0.0 ], [ -118.100880023589994, 34.165032248103898, 0.0 ], [ -118.100748831296997, 34.165032248103898, 0.0 ], [ -118.100720130297006, 34.165034335103996, 0.0 ], [ -118.100566700089999, 34.165056877229802, 0.0 ], [ -118.100570451696001, 34.165052041826598, 0.0 ], [ -118.098441845647002, 34.165077232430697, 0.0 ], [ -118.098389801588993, 34.164937938041902, 0.0 ], [ -118.097403522744003, 34.1648762956141, 0.0 ], [ -118.097393626195995, 34.164870535487999, 0.0 ], [ -118.097238519786998, 34.164795907977101, 0.0 ], [ -118.097223102900003, 34.164789932169199, 0.0 ], [ -118.097210729148003, 34.162896748116097, 0.0 ], [ -118.096755292544998, 34.162896748116097, 0.0 ], [ -118.096666055943999, 34.162767879295998, 0.0 ], [ -118.096649529944003, 34.162748262295999, 0.0 ], [ -118.096537875229998, 34.162637337560703, 0.0 ], [ -118.096524871981998, 34.162621901269802, 0.0 ], [ -118.096387383833004, 34.162485303956203, 0.0 ], [ -118.096367012832999, 34.162468368956198, 0.0 ], [ -118.096314350292005, 34.162431536297603, 0.0 ], [ -118.098347254331998, 34.162419507279601, 0.0 ], [ -118.098320890248004, 34.1642562051303, 0.0 ], [ -118.103177029617001, 34.164234493627902, 0.0 ], [ -118.105889566528006, 34.164222366041102, 0.0 ], [ -118.105854904948004, 34.1651192344398, 0.0 ], [ -118.105702717685006, 34.169057079871003, 0.0 ], [ -118.105647463891003, 34.169058070970401, 0.0 ], [ -118.105623759276995, 34.171333713962099, 0.0 ], [ -118.103950175148995, 34.171333713962099, 0.0 ], [ -118.103966696187996, 34.171512141178603, 0.0 ], [ -118.103959472284998, 34.171509765532797, 0.0 ], [ -118.103958540462003, 34.171769278386698, 0.0 ], [ -118.103951241876004, 34.172233729597998, 0.0 ], [ -118.103937737419002, 34.172858310714503, 0.0 ], [ -118.103921982220001, 34.173480078402598, 0.0 ], [ -118.103903976278005, 34.174099032662198, 0.0 ], [ -118.103922263563007, 34.174531737958198, 0.0 ], [ -118.103932314283, 34.174577121621397, 0.0 ], [ -118.103928664693996, 34.174892550362998, 0.0 ], [ -118.104044084028999, 34.174904490294203, 0.0 ], [ -118.104043248867001, 34.174924701198499, 0.0 ], [ -118.104577436944993, 34.174934780218898, 0.0 ], [ -118.104626464703998, 34.174947562683499, 0.0 ], [ -118.105871125451998, 34.175039843136801, 0.0 ], [ -118.106646787675999, 34.1751068027339, 0.0 ], [ -118.106953451378004, 34.175148441475102, 0.0 ], [ -118.108087263043998, 34.175859676187898, 0.0 ], [ -118.110048222675999, 34.177240506872501, 0.0 ], [ -118.111200884313007, 34.178061465295002, 0.0 ], [ -118.111545247954993, 34.178322551455501, 0.0 ], [ -118.111761738029003, 34.178462453059502, 0.0 ], [ -118.111887792960999, 34.178466290131801, 0.0 ], [ -118.111870346260005, 34.178454191414701, 0.0 ], [ -118.111953515767993, 34.178459264935903, 0.0 ], [ -118.111950637150002, 34.178491394023197, 0.0 ], [ -118.111975649829006, 34.1784934358746, 0.0 ], [ -118.112177048728995, 34.177331795793897, 0.0 ], [ -118.112238276975006, 34.1773310973729, 0.0 ], [ -118.112322598237, 34.176757159864302, 0.0 ], [ -118.112372833541002, 34.176726153742699, 0.0 ], [ -118.112431892719997, 34.1761798563358, 0.0 ], [ -118.113210337224999, 34.176209231600097, 0.0 ], [ -118.113267066168007, 34.176174217488899, 0.0 ], [ -118.114984382895997, 34.176176468231702, 0.0 ], [ -118.115841915887998, 34.1761348294906, 0.0 ], [ -118.115839665145998, 34.1760493012656, 0.0 ], [ -118.116398412036006, 34.175987405839699, 0.0 ], [ -118.117518156561005, 34.175949143212698, 0.0 ], [ -118.118686010711002, 34.175930011899197, 0.0 ], [ -118.119901974488997, 34.175930011899197, 0.0 ], [ -118.121173925492002, 34.175922134299597, 0.0 ], [ -118.122406901241007, 34.175907505773701, 0.0 ], [ -118.122392901875997, 34.175891968017098, 0.0 ], [ -118.123129494965994, 34.175885147710702, 0.0 ], [ -118.123142983543005, 34.175572983495499, 0.0 ], [ -118.125230237043993, 34.175543993863599, 0.0 ], [ -118.125229910170006, 34.175544236318999, 0.0 ], [ -118.125255624664007, 34.174839935310203, 0.0 ], [ -118.125255624664007, 34.174839935310203, 0.0 ], [ -118.125255542735005, 34.174840097442903, 0.0 ], [ -118.125243362871004, 34.174624919836198, 0.0 ], [ -118.125745377734006, 34.174614839216503, 0.0 ], [ -118.125747434784998, 34.174613890068997, 0.0 ], [ -118.126779400340993, 34.174621767668697, 0.0 ], [ -118.127887609808994, 34.174622330354403, 0.0 ], [ -118.129072063188005, 34.174615578126101, 0.0 ], [ -118.130246106881003, 34.174610513954903, 0.0 ], [ -118.131409740888998, 34.174607137840702, 0.0 ], [ -118.131440823375996, 34.174593745291901, 0.0 ], [ -118.131698718601996, 34.174591162650202, 0.0 ], [ -118.131696438199, 34.174607754548298, 0.0 ], [ -118.131971576142007, 34.174627407258498, 0.0 ], [ -118.131972608636005, 34.1746292145315, 0.0 ], [ -118.131969847348003, 34.174626453243498, 0.0 ], [ -118.131969847348003, 34.174626453243498, 0.0 ], [ -118.131967086060001, 34.1746292145315, 0.0 ], [ -118.131969847348003, 34.174623691955603, 0.0 ], [ -118.131969847348003, 34.174626453243498, 0.0 ], [ -118.131969847348003, 34.1746292145315, 0.0 ], [ -118.131967086060001, 34.174626453243498, 0.0 ], [ -118.131969847348003, 34.1746292145315, 0.0 ], [ -118.131983835628006, 34.174471041699803, 0.0 ], [ -118.131980818282003, 34.174471135991901, 0.0 ], [ -118.131988641009997, 34.174357706443999, 0.0 ], [ -118.132003936977995, 34.174351115851501, 0.0 ], [ -118.132022864719005, 34.173962236803398, 0.0 ], [ -118.132018360198003, 34.173924511434699, 0.0 ], [ -118.132046627256997, 34.173560573051702, 0.0 ], [ -118.132478392389004, 34.173567319381803, 0.0 ], [ -118.132443711663996, 34.173608193093997, 0.0 ], [ -118.132489253385998, 34.173582487198203, 0.0 ], [ -118.133385611690997, 34.173571233484402, 0.0 ], [ -118.134682883550994, 34.173557729027898, 0.0 ], [ -118.136381068964994, 34.173541973828499, 0.0 ], [ -118.138344279338995, 34.1735335335432, 0.0 ], [ -118.140572514674005, 34.173532408171802, 0.0 ], [ -118.140610674665993, 34.173559625437299, 0.0 ], [ -118.141622271727996, 34.173575188469101, 0.0 ], [ -118.141664747383999, 34.174311433166501, 0.0 ], [ -118.141688039054998, 34.1743280457382, 0.0 ], [ -118.141688327178997, 34.174491123651499, 0.0 ], [ -118.141690852484004, 34.1759204462425, 0.0 ], [ -118.141732084207007, 34.175979750993697, 0.0 ], [ -118.141721993776002, 34.176694153469597, 0.0 ], [ -118.142224823462001, 34.176688471778199, 0.0 ], [ -118.142242847145994, 34.176714395751901, 0.0 ], [ -118.143344023042999, 34.176709894266303, 0.0 ], [ -118.144469675766999, 34.176708768894997, 0.0 ], [ -118.145584412752996, 34.176710950376297, 0.0 ], [ -118.145558782606003, 34.176699216091698, 0.0 ], [ -118.146175398119993, 34.176699216091698, 0.0 ], [ -118.146180440495002, 34.176699216091698, 0.0 ], [ -118.146211916843995, 34.176998241405698, 0.0 ], [ -118.146167759524999, 34.176978024801997, 0.0 ], [ -118.146167699681001, 34.176980796384498, 0.0 ], [ -118.146167675068, 34.176981107485403, 0.0 ], [ -118.146154958466994, 34.1774452634479, 0.0 ], [ -118.146195474479995, 34.177439912276199, 0.0 ], [ -118.146152856738993, 34.177993942915698, 0.0 ], [ -118.146269910320996, 34.177991531352198, 0.0 ], [ -118.149163592961003, 34.1779319150696, 0.0 ], [ -118.149162193083001, 34.177946677414198, 0.0 ], [ -118.149554103667001, 34.177981001241299, 0.0 ], [ -118.150344114375997, 34.177984377355401, 0.0 ], [ -118.150388758448997, 34.177929376876797, 0.0 ], [ -118.150664793649, 34.1779275766472, 0.0 ], [ -118.150750118149006, 34.177235500149102, 0.0 ], [ -118.150759377662993, 34.176494739017102, 0.0 ], [ -118.150791554961003, 34.176453131682997, 0.0 ], [ -118.150798504350007, 34.176043117739503, 0.0 ], [ -118.150897124199005, 34.176043117739503, 0.0 ], [ -118.150898970373007, 34.176028143217998, 0.0 ], [ -118.151880526756003, 34.176021810596197, 0.0 ], [ -118.151888961828007, 34.176010932438899, 0.0 ], [ -118.152228016606998, 34.176005185747698, 0.0 ], [ -118.152228047470999, 34.176019568527103, 0.0 ], [ -118.152228047470999, 34.176019568527103, 0.0 ], [ -118.152227093175995, 34.1755748667075, 0.0 ], [ -118.152239239782006, 34.175559202029199, 0.0 ], [ -118.152223495624995, 34.174727713725801, 0.0 ], [ -118.152204548279002, 34.174742527105302, 0.0 ], [ -118.152176427399993, 34.174180109533701, 0.0 ], [ -118.152940643242005, 34.1741398876473, 0.0 ], [ -118.152954131952001, 34.174131105746497, 0.0 ], [ -118.154437934117993, 34.174127729632403, 0.0 ], [ -118.155721138835005, 34.174186811629902, 0.0 ], [ -118.156803746104003, 34.1743083517391, 0.0 ], [ -118.157669438038994, 34.174404008306396, 0.0 ], [ -118.158318214640005, 34.174473781332097, 0.0 ], [ -118.158914942815002, 34.174505291730704, 0.0 ], [ -118.159459622563006, 34.174498539502501, 0.0 ], [ -118.160162135647994, 34.1748344628597, 0.0 ], [ -118.161022482069001, 34.175513061802498, 0.0 ], [ -118.161740750353005, 34.176083625092701, 0.0 ], [ -118.162316940500006, 34.176546152730403, 0.0 ], [ -118.163116235523006, 34.1771397861339, 0.0 ], [ -118.164138635423001, 34.177864525303299, 0.0 ], [ -118.165226025519999, 34.178639906184898, 0.0 ], [ -118.166378405814001, 34.179465928778697, 0.0 ], [ -118.167233969406993, 34.180079818867, 0.0 ], [ -118.167792716297001, 34.180481576450099, 0.0 ], [ -118.168291537162006, 34.180840007234998, 0.0 ], [ -118.168730432000999, 34.181155111221699, 0.0 ], [ -118.168949035390995, 34.181385249669098, 0.0 ], [ -118.168947347333997, 34.181530422577303, 0.0 ], [ -118.168857598966994, 34.182025585985002, 0.0 ], [ -118.168679790287996, 34.182870739892202, 0.0 ], [ -118.168856473595, 34.183428361411501, 0.0 ], [ -118.169387648886996, 34.183698450542998, 0.0 ], [ -118.169982970348002, 34.184002300815898, 0.0 ], [ -118.170642437976994, 34.1843399122302, 0.0 ], [ -118.171329195862, 34.184615628218602, 0.0 ], [ -118.172043244004001, 34.184829448781002, 0.0 ], [ -118.172728876517994, 34.184954365004302, 0.0 ], [ -118.173386093404005, 34.1849903768885, 0.0 ], [ -118.173688818306005, 34.185127672196998, 0.0 ], [ -118.173637051222002, 34.185366250929803, 0.0 ], [ -118.173429420201998, 34.185776448798201, 0.0 ], [ -118.173065925245993, 34.186358265802198, 0.0 ], [ -118.172863921083007, 34.186712195101599, 0.0 ], [ -118.172823407714006, 34.186838236696303, 0.0 ], [ -118.172715372061006, 34.187115078056003, 0.0 ], [ -118.172539814125997, 34.187542719180797, 0.0 ], [ -118.172334996534005, 34.188093025786202, 0.0 ], [ -118.172100919287004, 34.188765997872103, 0.0 ], [ -118.171652458791996, 34.189837351426903, 0.0 ], [ -118.170989615048001, 34.1913070864506, 0.0 ], [ -118.170266563935996, 34.192523612913597, 0.0 ], [ -118.169483305455003, 34.193486930815801, 0.0 ], [ -118.169074807049, 34.194022174173199, 0.0 ], [ -118.169041068718997, 34.194129342985697, 0.0 ], [ -118.168998248861001, 34.194208878085, 0.0 ], [ -118.168953502709002, 34.1942526525308, 0.0 ], [ -118.168953502709002, 34.1942526525308, 0.0 ], [ -118.168838682794004, 34.194511698587498, 0.0 ], [ -118.168850002710002, 34.1945200217436, 0.0 ], [ -118.168786467667999, 34.194629182620702, 0.0 ], [ -118.168725375354001, 34.194766640327501, 0.0 ], [ -118.168718512197998, 34.194762350854901, 0.0 ], [ -118.168613252705995, 34.194979454609999, 0.0 ], [ -118.168391273200996, 34.1954661777323, 0.0 ], [ -118.168100224027, 34.1961242386474, 0.0 ], [ -118.167740105185004, 34.1969536373553, 0.0 ], [ -118.167435692227002, 34.197681471296001, 0.0 ], [ -118.167186985151005, 34.198307740469602, 0.0 ], [ -118.166993983959998, 34.198832444875997, 0.0 ], [ -118.166856688650995, 34.199255584515299, 0.0 ], [ -118.166711515743003, 34.199842747033401, 0.0 ], [ -118.166389436917996, 34.200639984748399, 0.0 ], [ -118.160156719924998, 34.1986815448101, 0.0 ], [ -118.160130191679997, 34.198633996737897, 0.0 ], [ -118.160032291727006, 34.198455406590597, 0.0 ], [ -118.160148399462003, 34.1981751155393, 0.0 ], [ -118.160165730333006, 34.197797526057897, 0.0 ], [ -118.160053670633999, 34.1974365318761, 0.0 ], [ -118.159906297804994, 34.1971495540866, 0.0 ], [ -118.159806256604995, 34.196712729844101, 0.0 ], [ -118.159772828325004, 34.196643576360103, 0.0 ], [ -118.159789289727001, 34.196604356373399, 0.0 ], [ -118.159879109727001, 34.196237786373402, 0.0 ], [ -118.159887686416994, 34.196161385083698, 0.0 ], [ -118.159888668682996, 34.1961526350388, 0.0 ], [ -118.159909889515006, 34.195963599522798, 0.0 ], [ -118.159966848650996, 34.195965206053501, 0.0 ], [ -118.160278965727997, 34.195879345029098, 0.0 ], [ -118.160552351215998, 34.195705996940397, 0.0 ], [ -118.160831974849003, 34.195463981530096, 0.0 ], [ -118.160851919766003, 34.195446289969702, 0.0 ], [ -118.160855338429997, 34.195443182378199, 0.0 ], [ -118.160880577623004, 34.195419500761503, 0.0 ], [ -118.160883876588002, 34.195416305883299, 0.0 ], [ -118.160908645354993, 34.195391538893404, 0.0 ], [ -118.160911821366, 34.195388259881597, 0.0 ], [ -118.160936069444006, 34.195362400825502, 0.0 ], [ -118.160939119366006, 34.195359040916003, 0.0 ], [ -118.160962793576999, 34.195332086330197, 0.0 ], [ -118.160965714398998, 34.195328648838803, 0.0 ], [ -118.160988758803995, 34.195300598941898, 0.0 ], [ -118.160991547644002, 34.195297087260997, 0.0 ], [ -118.161013903759994, 34.195267946405103, 0.0 ], [ -118.161016557867001, 34.195264364000302, 0.0 ], [ -118.161038164974997, 34.195234141090403, 0.0 ], [ -118.161040681727997, 34.195230491497099, 0.0 ], [ -118.161061477173007, 34.195199200488403, 0.0 ], [ -118.161063854090003, 34.195195487308297, 0.0 ], [ -118.161083773767999, 34.195163147517, 0.0 ], [ -118.161086008503005, 34.195159374414601, 0.0 ], [ -118.161104987285, 34.195126010986897, 0.0 ], [ -118.161107077631996, 34.195122181685598, 0.0 ], [ -118.161125049975993, 34.195087825827002, 0.0 ], [ -118.161126993872003, 34.195083944106102, 0.0 ], [ -118.161127183698994, 34.195083547494399, 0.0 ], [ -118.161188124497997, 34.195040941364198, 0.0 ], [ -118.161208504498006, 34.195024007364097, 0.0 ], [ -118.161346091477995, 34.194887366516603, 0.0 ], [ -118.161362622477995, 34.1948677485166, 0.0 ], [ -118.161480213752995, 34.194697983466902, 0.0 ], [ -118.161492393752994, 34.1946762784669, 0.0 ], [ -118.161579651134005, 34.194476418988998, 0.0 ], [ -118.161587110133993, 34.194453286989102, 0.0 ], [ -118.161633940665993, 34.194231853922602, 0.0 ], [ -118.161636452666002, 34.194207996922501, 0.0 ], [ -118.161636452666002, 34.193978621076603, 0.0 ], [ -118.161633940665993, 34.1939547640767, 0.0 ], [ -118.161587110135002, 34.193733331013703, 0.0 ], [ -118.161579651135, 34.193710199013601, 0.0 ], [ -118.161557889722999, 34.193660356431103, 0.0 ], [ -118.161565242262995, 34.193629028621501, 0.0 ], [ -118.161564440735006, 34.193622311132003, 0.0 ], [ -118.161549291843002, 34.193495350432002, 0.0 ], [ -118.161520148424998, 34.193251103616198, 0.0 ], [ -118.161437572425001, 34.192977780616197, 0.0 ], [ -118.161303259037993, 34.192691267015, 0.0 ], [ -118.161238039812005, 34.192618139543299, 0.0 ], [ -118.161304513752995, 34.192522171468099, 0.0 ], [ -118.161316693752994, 34.192500466468097, 0.0 ], [ -118.161403955378006, 34.192300593825102, 0.0 ], [ -118.161411414377994, 34.192277460825103, 0.0 ], [ -118.161458245920002, 34.192055991013497, 0.0 ], [ -118.161460283219995, 34.192036633817402, 0.0 ], [ -118.161489747329, 34.192000062124002, 0.0 ], [ -118.161655204156006, 34.191716093990301, 0.0 ], [ -118.161693787345996, 34.191548563206503, 0.0 ], [ -118.161696184815, 34.1915381532393, 0.0 ], [ -118.161728964126993, 34.191395823277702, 0.0 ], [ -118.161722787025994, 34.191313457202099, 0.0 ], [ -118.161704385468994, 34.191068089006997, 0.0 ], [ -118.161583681384997, 34.190762402260603, 0.0 ], [ -118.161377720768002, 34.190506288835003, 0.0 ], [ -118.161105049498005, 34.190322810659097, 0.0 ], [ -118.160905672346999, 34.190228535121499, 0.0 ], [ -118.160726846859006, 34.190143977442901, 0.0 ], [ -118.160622877262, 34.190040716833003, 0.0 ], [ -118.160621913049994, 34.190039915570601, 0.0 ], [ -118.160715293533002, 34.189905094000402, 0.0 ], [ -118.160727472532997, 34.1898833890004, 0.0 ], [ -118.160814711133, 34.189683562990297, 0.0 ], [ -118.160822170133002, 34.189660430990401, 0.0 ], [ -118.160869001167001, 34.189438993166704, 0.0 ], [ -118.160871513166995, 34.189415135166698, 0.0 ], [ -118.160871512666006, 34.189185764079603, 0.0 ], [ -118.160869000665997, 34.189161907079502, 0.0 ], [ -118.160822156970994, 34.188940433192599, 0.0 ], [ -118.160814696971002, 34.188917301192703, 0.0 ], [ -118.160727490311999, 34.188717549468798, 0.0 ], [ -118.160715312312007, 34.188695844468803, 0.0 ], [ -118.160626244176001, 34.188567251741198, 0.0 ], [ -118.160702506342005, 34.188433177380901, 0.0 ], [ -118.160772846561997, 34.188111113966301, 0.0 ], [ -118.160744166765994, 34.187782708639297, 0.0 ], [ -118.160685770735, 34.187542184780902, 0.0 ], [ -118.160683901238002, 34.187534602627601, 0.0 ], [ -118.160682871150996, 34.187530488047798, 0.0 ], [ -118.160672255528993, 34.187491198636799, 0.0 ], [ -118.160671069708997, 34.187487112851798, 0.0 ], [ -118.160659083466996, 34.187448492112203, 0.0 ], [ -118.160657743086006, 34.187444439154298, 0.0 ], [ -118.160653864392998, 34.187433394359999, 0.0 ], [ -118.160627957032005, 34.187160770686198, 0.0 ], [ -118.160462803032004, 34.186477462686099, 0.0 ], [ -118.160319969205005, 34.1861432275334, 0.0 ], [ -118.160296799660998, 34.186117712962897, 0.0 ], [ -118.160075616336997, 34.185874143316497, 0.0 ], [ -118.159782950939999, 34.185714214823903, 0.0 ], [ -118.159783479981002, 34.185711712988201, 0.0 ], [ -118.159812661665995, 34.185573712923897, 0.0 ], [ -118.159815173666004, 34.185549855923803, 0.0 ], [ -118.159815174082993, 34.185531627722597, 0.0 ], [ -118.159815178502001, 34.185338742296601, 0.0 ], [ -118.159815178919999, 34.185320529985702, 0.0 ], [ -118.159812667919994, 34.185296671985803, 0.0 ], [ -118.159790458548997, 34.185191655667403, 0.0 ], [ -118.159790136419005, 34.185190132489701, 0.0 ], [ -118.159790136419005, 34.185188595116799, 0.0 ], [ -118.159790136419005, 34.185170378233103, 0.0 ], [ -118.159787625419, 34.1851465212332, 0.0 ], [ -118.159740794377996, 34.184925056173498, 0.0 ], [ -118.159733335377993, 34.184901923173399, 0.0 ], [ -118.159707098476005, 34.184841824712201, 0.0 ], [ -118.159646092532995, 34.184702084000399, 0.0 ], [ -118.159633913533, 34.184680379000397, 0.0 ], [ -118.159618252778003, 34.184657768084598, 0.0 ], [ -118.159594426105997, 34.184623367261501, 0.0 ], [ -118.159605277053998, 34.184598512279003, 0.0 ], [ -118.159672809295003, 34.184443824169001, 0.0 ], [ -118.159680267295002, 34.184420692168899, 0.0 ], [ -118.159699377680994, 34.184330322050698, 0.0 ], [ -118.159727084666002, 34.184199299920202, 0.0 ], [ -118.159729596665997, 34.184175442920299, 0.0 ], [ -118.159729597083995, 34.184157216000898, 0.0 ], [ -118.159729601503003, 34.183964328018902, 0.0 ], [ -118.159729601920006, 34.183946116988103, 0.0 ], [ -118.159727090920001, 34.183922258988098, 0.0 ], [ -118.159690614468005, 34.183749759157301, 0.0 ], [ -118.159680259378007, 34.183700789173997, 0.0 ], [ -118.159672800378004, 34.183677656173899, 0.0 ], [ -118.159585576311997, 34.183477850468599, 0.0 ], [ -118.159573398312006, 34.183456145468597, 0.0 ], [ -118.159502538, 34.183353837153902, 0.0 ], [ -118.159502538, 34.1832067372236, 0.0 ], [ -118.159620887054999, 34.182815008610397, 0.0 ], [ -118.159667690475004, 34.182497183442401, 0.0 ], [ -118.159621692122002, 34.182189013966898, 0.0 ], [ -118.159620264656994, 34.182179450552503, 0.0 ], [ -118.159600150808004, 34.182137007176998, 0.0 ], [ -118.159600351658, 34.182134050021702, 0.0 ], [ -118.159408442144994, 34.1818054567551, 0.0 ], [ -118.159408420573001, 34.181805478327703, 0.0 ], [ -118.159408442144994, 34.181805478327703, 0.0 ], [ -118.159408442144994, 34.181805478327703, 0.0 ], [ -118.159266802535996, 34.1816512470294, 0.0 ], [ -118.158991176531003, 34.181486220660403, 0.0 ], [ -118.158330563530996, 34.181212896660497, 0.0 ], [ -118.158079404193998, 34.181154900001403, 0.0 ], [ -118.158127707285999, 34.181060099845901, 0.0 ], [ -118.158181312, 34.180721653, 0.0 ], [ -118.158181312, 34.180516661000098, 0.0 ], [ -118.158134119424005, 34.180198624885001, 0.0 ], [ -118.157996608651999, 34.179907996433101, 0.0 ], [ -118.157780630062007, 34.179669821374397, 0.0 ], [ -118.157504796222995, 34.179504625119399, 0.0 ], [ -118.157298747374995, 34.179419374164503, 0.0 ], [ -118.156844183223001, 34.179231302119298, 0.0 ], [ -118.156503231987998, 34.1791508656136, 0.0 ], [ -118.156154324598006, 34.179182193054501, 0.0 ], [ -118.155833155561993, 34.179322079529598, 0.0 ], [ -118.155655501205004, 34.179481708072203, 0.0 ] ] ], [ [ [ -118.159600157504997, 34.1821370054627, 0.0 ], [ -118.159600135933005, 34.182136983890103, 0.0 ], [ -118.159600150808004, 34.182137007176998, 0.0 ], [ -118.159600114360003, 34.1821369623176, 0.0 ], [ -118.159600157504997, 34.1821370054627, 0.0 ] ] ], [ [ [ -118.169002364562004, 34.194251789628296, 0.0 ], [ -118.169002709723003, 34.1942510993063, 0.0 ], [ -118.169002709723003, 34.194251444467298, 0.0 ], [ -118.168963361368995, 34.194383641128098, 0.0 ], [ -118.168963243204999, 34.1943835704637, 0.0 ], [ -118.169002364562004, 34.1942510993063, 0.0 ], [ -118.169002364562004, 34.194251789628296, 0.0 ] ] ], [ [ [ -118.118770057991, 34.227505668475203, 0.0 ], [ -118.118769825615004, 34.227505993906398, 0.0 ], [ -118.118770070389004, 34.2275057491319, 0.0 ], [ -118.118770070389004, 34.227506238681002, 0.0 ], [ -118.118770057991, 34.227505668475203, 0.0 ] ] ], [ [ [ -118.094579835017996, 34.162641518269297, 0.0 ], [ -118.094462295908002, 34.162811254941303, 0.0 ], [ -118.094450118908, 34.162832959941298, 0.0 ], [ -118.094362860987999, 34.163032895453398, 0.0 ], [ -118.094355405987997, 34.163056028453497, 0.0 ], [ -118.094353729367, 34.163063960300498, 0.0 ], [ -118.094351605298996, 34.163074008957899, 0.0 ], [ -118.094344383017997, 34.163081184269899, 0.0 ], [ -118.094327858018005, 34.163100801269799, 0.0 ], [ -118.094210300130001, 34.163270571414301, 0.0 ], [ -118.094198124130003, 34.163292276414303, 0.0 ], [ -118.094168758875995, 34.163359561128097, 0.0 ], [ -118.094091525390994, 34.1633829838689, 0.0 ], [ -118.094065413390993, 34.163393104869002, 0.0 ], [ -118.093910263839007, 34.163467754929002, 0.0 ], [ -118.093886663839001, 34.163481491929097, 0.0 ], [ -118.093737521944007, 34.163585800734403, 0.0 ], [ -118.093717149943004, 34.163602734734297, 0.0 ], [ -118.093579599291999, 34.163739390312401, 0.0 ], [ -118.093563074292007, 34.163759008312397, 0.0 ], [ -118.093445525885002, 34.163928772112499, 0.0 ], [ -118.093433350884993, 34.163950476112603, 0.0 ], [ -118.093346159462001, 34.1641502409908, 0.0 ], [ -118.093338701462002, 34.164173373990799, 0.0 ], [ -118.093291878829007, 34.164394843389601, 0.0 ], [ -118.093289368829005, 34.164418700389497, 0.0 ], [ -118.093289368829005, 34.164557592092997, 0.0 ], [ -118.092976210916007, 34.164557592092997, 0.0 ], [ -118.092998321764, 34.1653646380148, 0.0 ], [ -118.092952994437994, 34.165364638857497, 0.0 ], [ -118.092924293438003, 34.165366726857599, 0.0 ], [ -118.092765667398993, 34.165390033012599, 0.0 ], [ -118.092737838399003, 34.1653962310126, 0.0 ], [ -118.092580146393004, 34.165444051690599, 0.0 ], [ -118.092554034393004, 34.165454171690598, 0.0 ], [ -118.092398850845001, 34.165528834925802, 0.0 ], [ -118.092375250844995, 34.165542571925698, 0.0 ], [ -118.092226104811999, 34.165646884168602, 0.0 ], [ -118.092205731812001, 34.165663819168699, 0.0 ], [ -118.092068203015998, 34.165800450271902, 0.0 ], [ -118.092051678016006, 34.165820067271902, 0.0 ], [ -118.091934138908002, 34.165989803942097, 0.0 ], [ -118.091921961908, 34.166011508942098, 0.0 ], [ -118.091834734545998, 34.166211349648698, 0.0 ], [ -118.091827277544994, 34.166234481648601, 0.0 ], [ -118.091780468080003, 34.166455882987897, 0.0 ], [ -118.091777957079998, 34.166479740988002, 0.0 ], [ -118.091777957580007, 34.166709021765698, 0.0 ], [ -118.091780468579998, 34.1667328787656, 0.0 ], [ -118.091827273302997, 34.166954262190998, 0.0 ], [ -118.091834730303006, 34.166977395190997, 0.0 ], [ -118.091921972443004, 34.167177267835299, 0.0 ], [ -118.091934149443006, 34.167198971835397, 0.0 ], [ -118.092051660294004, 34.1673686686892, 0.0 ], [ -118.092068185293996, 34.167388286689203, 0.0 ], [ -118.092070859963002, 34.167390943954302, 0.0 ], [ -118.092019950790004, 34.167464462056202, 0.0 ], [ -118.091490539057006, 34.167584502129699, 0.0 ], [ -118.091312769853999, 34.167641102771398, 0.0 ], [ -118.090753088854001, 34.1678734677714, 0.0 ], [ -118.090689047115006, 34.167902500186997, 0.0 ], [ -118.090077560115006, 34.168203734187003, 0.0 ], [ -118.089955066048006, 34.168274244094, 0.0 ], [ -118.089637349935998, 34.168485534593003, 0.0 ], [ -118.089587808790995, 34.168495872018497, 0.0 ], [ -118.089531981942997, 34.168477653438899, 0.0 ], [ -118.089348889812001, 34.1684557436364, 0.0 ], [ -118.089249706763994, 34.168234001195401, 0.0 ], [ -118.089062128753994, 34.167946435116598, 0.0 ], [ -118.088676675754002, 34.167520354116597, 0.0 ], [ -118.088403144607, 34.1673014999675, 0.0 ], [ -118.087932100531006, 34.167035418445998, 0.0 ], [ -118.087498992261999, 34.166672090259397, 0.0 ], [ -118.087380393238007, 34.166585453491003, 0.0 ], [ -118.086809530886001, 34.166224519426798, 0.0 ], [ -118.086184259465995, 34.165754975163402, 0.0 ], [ -118.085724301420996, 34.165346321091498, 0.0 ], [ -118.085696676748, 34.165322587688301, 0.0 ], [ -118.084828922810004, 34.164601794549299, 0.0 ], [ -118.084455704166999, 34.164228876046202, 0.0 ], [ -118.084155393504005, 34.163916565153102, 0.0 ], [ -118.084627638721003, 34.1639741485603, 0.0 ], [ -118.084716975960006, 34.1639813475417, 0.0 ], [ -118.085269394959994, 34.164003168541697, 0.0 ], [ -118.085609484173006, 34.1639630231724, 0.0 ], [ -118.085861420173003, 34.1638920811723, 0.0 ], [ -118.086163899587007, 34.163754541503003, 0.0 ], [ -118.086411213328006, 34.163532625144498, 0.0 ], [ -118.086580597625002, 34.163246758188201, 0.0 ], [ -118.086656461651998, 34.162923253001203, 0.0 ], [ -118.086631822574006, 34.162591886327498, 0.0 ], [ -118.086425115639997, 34.161694937398003, 0.0 ], [ -118.090227432942001, 34.1616350583854, 0.0 ], [ -118.090118762741994, 34.162468196578999, 0.0 ], [ -118.094794019362993, 34.1624405323386, 0.0 ], [ -118.094754219167001, 34.162468368956198, 0.0 ], [ -118.094733848166996, 34.162485303956203, 0.0 ], [ -118.094596360018002, 34.162621901269397, 0.0 ], [ -118.094579835017996, 34.162641518269297, 0.0 ] ] ], [ [ [ -118.081081088877994, 34.164547812921398, 0.0 ], [ -118.081097722577994, 34.164570061321598, 0.0 ], [ -118.081365422344007, 34.164763623323999, 0.0 ], [ -118.081588682028993, 34.164878339198303, 0.0 ], [ -118.081648805556, 34.1649236801562, 0.0 ], [ -118.081685983566999, 34.164983735722899, 0.0 ], [ -118.081738966249006, 34.165114911184503, 0.0 ], [ -118.081836726806998, 34.165531772104302, 0.0 ], [ -118.081985943879005, 34.165880446174398, 0.0 ], [ -118.082280007234999, 34.1663308629158, 0.0 ], [ -118.082526136073994, 34.166724759125501, 0.0 ], [ -118.082741820465003, 34.167136024312398, 0.0 ], [ -118.082839931915998, 34.167290258439699, 0.0 ], [ -118.083188811916003, 34.167749089439702, 0.0 ], [ -118.083234440075003, 34.167805156249003, 0.0 ], [ -118.083467451074995, 34.168072917248999, 0.0 ], [ -118.083745021978999, 34.1683018546074, 0.0 ], [ -118.083926303856003, 34.168406776520499, 0.0 ], [ -118.083958120296003, 34.168458232916301, 0.0 ], [ -118.084208957927999, 34.168740250677303, 0.0 ], [ -118.084605008601997, 34.169054460292898, 0.0 ], [ -118.085198531708997, 34.169599090939499, 0.0 ], [ -118.085389792472995, 34.170030165138598, 0.0 ], [ -118.085521884212994, 34.170252563510601, 0.0 ], [ -118.085934965600003, 34.170791103773198, 0.0 ], [ -118.085948399908006, 34.170821617172997, 0.0 ], [ -118.085848120538003, 34.170848432311402, 0.0 ], [ -118.085561595504998, 34.171033759744098, 0.0 ], [ -118.085346013887005, 34.171298273293502, 0.0 ], [ -118.085222302751006, 34.171616295944197, 0.0 ], [ -118.085211964487002, 34.1717938822745, 0.0 ], [ -118.085209368069997, 34.171838482430203, 0.0 ], [ -118.085208005910005, 34.1718398184099, 0.0 ], [ -118.085107353886002, 34.171938535999097, 0.0 ], [ -118.084989282278002, 34.172075194910597, 0.0 ], [ -118.084733385278, 34.1724261519105, 0.0 ], [ -118.084584337907998, 34.172710378906899, 0.0 ], [ -118.084555780855993, 34.172859763874101, 0.0 ], [ -118.084547946436004, 34.172900746553402, 0.0 ], [ -118.084524077579005, 34.173025607073299, 0.0 ], [ -118.084532455195998, 34.173104946386601, 0.0 ], [ -118.084543132646999, 34.173206066025699, 0.0 ], [ -118.084557778608996, 34.173344769014498, 0.0 ], [ -118.084682547222002, 34.173640459557497, 0.0 ], [ -118.084887670032998, 34.1738872889253, 0.0 ], [ -118.085155533955998, 34.1740640628569, 0.0 ], [ -118.085285379956005, 34.174124603856903, 0.0 ], [ -118.085642605928001, 34.1742220956503, 0.0 ], [ -118.085861175152999, 34.174206046302601, 0.0 ], [ -118.085940154151999, 34.1742349188955, 0.0 ], [ -118.086167935152005, 34.174286951895397, 0.0 ], [ -118.086493676589001, 34.174311394437503, 0.0 ], [ -118.086812138466001, 34.174238682989397, 0.0 ], [ -118.086870928712997, 34.174204721349298, 0.0 ], [ -118.086958465430001, 34.174202419098798, 0.0 ], [ -118.08726832843, 34.174144177098903, 0.0 ], [ -118.087547411947, 34.174051555360201, 0.0 ], [ -118.087554277104999, 34.174046961383397, 0.0 ], [ -118.087561098072996, 34.174046376356898, 0.0 ], [ -118.087685920523001, 34.174087081113001, 0.0 ], [ -118.088106493731004, 34.174138047632702, 0.0 ], [ -118.088290188721004, 34.174087471691202, 0.0 ], [ -118.088567386440999, 34.174220397610398, 0.0 ], [ -118.088849634734004, 34.1743112340788, 0.0 ], [ -118.089145905085999, 34.174323034126999, 0.0 ], [ -118.089434483651999, 34.174254932921798, 0.0 ], [ -118.089952383652005, 34.174055530921699, 0.0 ], [ -118.090189970899004, 34.173910543953902, 0.0 ], [ -118.090260299402004, 34.173888724502099, 0.0 ], [ -118.090849713401994, 34.173705858502103, 0.0 ], [ -118.091090662943003, 34.173597768809103, 0.0 ], [ -118.091298735747003, 34.173435147250999, 0.0 ], [ -118.091378205238996, 34.173355860050201, 0.0 ], [ -118.091555167639001, 34.1736293871664, 0.0 ], [ -118.091618643982002, 34.173790634080603, 0.0 ], [ -118.091625826053004, 34.173808419923702, 0.0 ], [ -118.091700825901, 34.173989566140897, 0.0 ], [ -118.091661216195007, 34.174024714147002, 0.0 ], [ -118.091487172838995, 34.174322716952197, 0.0 ], [ -118.091429006910005, 34.174592722247297, 0.0 ], [ -118.091427680004998, 34.174594638219801, 0.0 ], [ -118.091415501005002, 34.174616342219799, 0.0 ], [ -118.091328234461997, 34.174816240991802, 0.0 ], [ -118.091320776461998, 34.174839373991801, 0.0 ], [ -118.091273958580999, 34.175060798233602, 0.0 ], [ -118.091271447579999, 34.175084655233597, 0.0 ], [ -118.091271447541004, 34.175102863099099, 0.0 ], [ -118.091271447119993, 34.175295729544303, 0.0 ], [ -118.091271447080004, 34.1753139360139, 0.0 ], [ -118.091273958079995, 34.175337794013899, 0.0 ], [ -118.091320780705004, 34.175559236170002, 0.0 ], [ -118.091328238705003, 34.175582368169799, 0.0 ], [ -118.091415452909004, 34.175782168060003, 0.0 ], [ -118.091427629909006, 34.175803873059998, 0.0 ], [ -118.091545211094001, 34.175973659675698, 0.0 ], [ -118.091561738094001, 34.175993276675797, 0.0 ], [ -118.091699265456995, 34.176129891615702, 0.0 ], [ -118.091719640457001, 34.1761468266157, 0.0 ], [ -118.091843039839006, 34.176233119317203, 0.0 ], [ -118.091697887983003, 34.176389931542403, 0.0 ], [ -118.091610176982996, 34.176541120542403, 0.0 ], [ -118.091497825063001, 34.176823982521903, 0.0 ], [ -118.091373202130995, 34.176949805634003, 0.0 ], [ -118.091176878556993, 34.1772205933066, 0.0 ], [ -118.091071434097003, 34.177538005303198, 0.0 ], [ -118.091070633453, 34.177594595187898, 0.0 ], [ -118.091020232960005, 34.177624180544498, 0.0 ], [ -118.090749478871004, 34.177783114699402, 0.0 ], [ -118.089770610814995, 34.1781811959424, 0.0 ], [ -118.088861029626997, 34.178542419213699, 0.0 ], [ -118.088636881339994, 34.178663291408597, 0.0 ], [ -118.088317739755993, 34.178886856715899, 0.0 ], [ -118.088240012941995, 34.1789413056512, 0.0 ], [ -118.087821766706995, 34.178976282911599, 0.0 ], [ -118.087534105792997, 34.1790401146542, 0.0 ], [ -118.087273872300997, 34.179178323997903, 0.0 ], [ -118.086928834301006, 34.179426289997899, 0.0 ], [ -118.086880061540995, 34.179463454998498, 0.0 ], [ -118.086612146541, 34.179679724998401, 0.0 ], [ -118.086383500400004, 34.179932436819698, 0.0 ], [ -118.086243600152997, 34.180243194351299, 0.0 ], [ -118.086227072276003, 34.180392048405601, 0.0 ], [ -118.086225464699993, 34.1804065266263, 0.0 ], [ -118.08622527627, 34.1804066398903, 0.0 ], [ -118.086216348693995, 34.180412006208897, 0.0 ], [ -118.086212286581002, 34.1804145292976, 0.0 ], [ -118.086185108880002, 34.180431970534599, 0.0 ], [ -118.086181144571, 34.180434597932198, 0.0 ], [ -118.086154200148002, 34.180453039585402, 0.0 ], [ -118.086150337556006, 34.180455768698899, 0.0 ], [ -118.086123658459002, 34.180475228345799, 0.0 ], [ -118.086119901396003, 34.180478056481903, 0.0 ], [ -118.086093522615002, 34.180498550766302, 0.0 ], [ -118.086089874788996, 34.180501475133902, 0.0 ], [ -118.086063834320996, 34.180523019453098, 0.0 ], [ -118.086060299330995, 34.180526037166203, 0.0 ], [ -118.086034638238999, 34.180548645319597, 0.0 ], [ -118.086031219573997, 34.180551753400202, 0.0 ], [ -118.086005982021007, 34.180575437202897, 0.0 ], [ -118.086002683055995, 34.180578632583597, 0.0 ], [ -118.085977916261001, 34.180603401494302, 0.0 ], [ -118.085974740249995, 34.1806066810217, 0.0 ], [ -118.085950494474005, 34.1806325416851, 0.0 ], [ -118.085947444553, 34.180635902122603, 0.0 ], [ -118.085923772951006, 34.180662857968898, 0.0 ], [ -118.085920852128993, 34.180666296000197, 0.0 ], [ -118.085897810611996, 34.180694346784399, 0.0 ], [ -118.085895021770995, 34.180697859016597, 0.0 ], [ -118.085872668798999, 34.180727000345001, 0.0 ], [ -118.085870014693, 34.180730583311899, 0.0 ], [ -118.085848410948998, 34.180760806253097, 0.0 ], [ -118.085845894195998, 34.1807644564187, 0.0 ], [ -118.085825102293001, 34.180795746999898, 0.0 ], [ -118.085822725376005, 34.180799460762003, 0.0 ], [ -118.085802809392007, 34.180831799618801, 0.0 ], [ -118.085800574657995, 34.180835573312301, 0.0 ], [ -118.085781599654993, 34.180868935315999, 0.0 ], [ -118.085779509307997, 34.180872765216698, 0.0 ], [ -118.085761540793996, 34.180907119127099, 0.0 ], [ -118.085759596898001, 34.180911001455399, 0.0 ], [ -118.085742700192995, 34.180946309682298, 0.0 ], [ -118.085740904665997, 34.180950240606798, 0.0 ], [ -118.085725144216994, 34.180986459057102, 0.0 ], [ -118.085723498831996, 34.180990434698302, 0.0 ], [ -118.085708937505999, 34.181027512653003, 0.0 ], [ -118.085707443885994, 34.181031529087598, 0.0 ], [ -118.085694142191002, 34.1810694092581, 0.0 ], [ -118.085692801809998, 34.181073462522299, 0.0 ], [ -118.085680817140002, 34.181112081114598, 0.0 ], [ -118.085679631320005, 34.181116167208401, 0.0 ], [ -118.085669017138002, 34.181155454256903, 0.0 ], [ -118.085667987050996, 34.181159569147603, 0.0 ], [ -118.085658792157005, 34.181199448771402, 0.0 ], [ -118.085657918818001, 34.181203588398297, 0.0 ], [ -118.085650186590001, 34.181243979381797, 0.0 ], [ -118.085649470861995, 34.181248139659502, 0.0 ], [ -118.085645069831997, 34.181276962879402, 0.0 ], [ -118.085609794958998, 34.181315826086198, 0.0 ], [ -118.085499613918003, 34.181459478332798, 0.0 ], [ -118.085462644806995, 34.181516959231899, 0.0 ], [ -118.085402519507994, 34.1814623314025, 0.0 ], [ -118.085225041507996, 34.181350240402502, 0.0 ], [ -118.084868189763, 34.181205008788503, 0.0 ], [ -118.084483125098998, 34.181192336206998, 0.0 ], [ -118.084117496638996, 34.1813137908035, 0.0 ], [ -118.083990593639001, 34.181382709803501, 0.0 ], [ -118.083723885761003, 34.181585971780798, 0.0 ], [ -118.083531178876001, 34.181860403156897, 0.0 ], [ -118.083438013876005, 34.1820491501568, 0.0 ], [ -118.083412037897006, 34.182105779631101, 0.0 ], [ -118.083407001956999, 34.182117637179502, 0.0 ], [ -118.083234923486003, 34.182065151833797, 0.0 ], [ -118.082795143937005, 34.181913210454397, 0.0 ], [ -118.082364266401001, 34.181855618474302, 0.0 ], [ -118.081849225401001, 34.181890129474397, 0.0 ], [ -118.081630828399, 34.181927216463599, 0.0 ], [ -118.081318872398995, 34.182013389463599, 0.0 ], [ -118.081047069324995, 34.182129888356599, 0.0 ], [ -118.080890104502998, 34.182255722476, 0.0 ], [ -118.080748308451007, 34.182239157547102, 0.0 ], [ -118.080746043961, 34.182238893004403, 0.0 ], [ -118.080754992490995, 34.182085928163801, 0.0 ], [ -118.080755397033997, 34.1820790129686, 0.0 ], [ -118.080725796034002, 34.181667016968497, 0.0 ], [ -118.080665327562997, 34.181378601751398, 0.0 ], [ -118.080530151936998, 34.181116748121497, 0.0 ], [ -118.080330055055995, 34.180900412706102, 0.0 ], [ -118.079930156659003, 34.180570743106699, 0.0 ], [ -118.079907480127005, 34.180545078727498, 0.0 ], [ -118.079888649541004, 34.1804558985502, 0.0 ], [ -118.079707662407003, 34.180044724849701, 0.0 ], [ -118.079448046406995, 34.179681996849602, 0.0 ], [ -118.079094441311, 34.179364897260797, 0.0 ], [ -118.078847628497996, 34.179226043248299, 0.0 ], [ -118.078724870952001, 34.179092182379897, 0.0 ], [ -118.078569197977004, 34.178907348574398, 0.0 ], [ -118.078361000173999, 34.178567010337602, 0.0 ], [ -118.078292824507002, 34.178468176157203, 0.0 ], [ -118.078059690245993, 34.178166970486899, 0.0 ], [ -118.077705676468, 34.177668479692102, 0.0 ], [ -118.077663880347998, 34.177613395788001, 0.0 ], [ -118.077572996431002, 34.1775011600554, 0.0 ], [ -118.077573838869995, 34.177477889507102, 0.0 ], [ -118.077575597910993, 34.177458930125098, 0.0 ], [ -118.077609367232, 34.177252936177297, 0.0 ], [ -118.077920322783996, 34.1763152356164, 0.0 ], [ -118.078178418761993, 34.175887277351698, 0.0 ], [ -118.078223097662999, 34.175813193529002, 0.0 ], [ -118.078591211228996, 34.1753063831787, 0.0 ], [ -118.078609579393998, 34.175264743684103, 0.0 ], [ -118.078687069924001, 34.175302025453298, 0.0 ], [ -118.078713184923998, 34.175312146453301, 0.0 ], [ -118.078870895850997, 34.175359970433, 0.0 ], [ -118.078898727850003, 34.175366168433101, 0.0 ], [ -118.079057375559003, 34.175389472496903, 0.0 ], [ -118.079086079559005, 34.175391559496902, 0.0 ], [ -118.079244924440999, 34.175391559496902, 0.0 ], [ -118.079273628441001, 34.175389472497002, 0.0 ], [ -118.079432268, 34.175366170247798, 0.0 ], [ -118.079460101, 34.175359972247797, 0.0 ], [ -118.079617846429002, 34.175312136239398, 0.0 ], [ -118.079643959430001, 34.175302015239403, 0.0 ], [ -118.079799057328998, 34.1752273978055, 0.0 ], [ -118.079822659328997, 34.175213661805401, 0.0 ], [ -118.079971829542004, 34.175109345616299, 0.0 ], [ -118.079992204541995, 34.175092410616301, 0.0 ], [ -118.080129731903, 34.174955795679502, 0.0 ], [ -118.080146258903, 34.174936178679602, 0.0 ], [ -118.080263821312002, 34.174766425530599, 0.0 ], [ -118.080275999311993, 34.174744720530597, 0.0 ], [ -118.080363245455999, 34.174544846346997, 0.0 ], [ -118.080370702455994, 34.174521714346902, 0.0 ], [ -118.080417511920004, 34.174300313014498, 0.0 ], [ -118.080420022919995, 34.1742764550145, 0.0 ], [ -118.080420022919995, 34.174047178984999, 0.0 ], [ -118.080417511920004, 34.1740233209851, 0.0 ], [ -118.080370702455994, 34.173801919653201, 0.0 ], [ -118.080363245455999, 34.173778787653099, 0.0 ], [ -118.080275999311993, 34.173578913469399, 0.0 ], [ -118.080263821312002, 34.173557208469397, 0.0 ], [ -118.080213715107007, 34.173484855775399, 0.0 ], [ -118.080200802313001, 34.173455271469997, 0.0 ], [ -118.080188624312996, 34.173433566470003, 0.0 ], [ -118.080071082941998, 34.173263838294098, 0.0 ], [ -118.080054556942002, 34.173244221294198, 0.0 ], [ -118.079916963773996, 34.173107544176297, 0.0 ], [ -118.079896587774002, 34.173090610176203, 0.0 ], [ -118.079747509719994, 34.172986358777102, 0.0 ], [ -118.079723908719998, 34.172972621777099, 0.0 ], [ -118.079568737076997, 34.172897966547197, 0.0 ], [ -118.079542622077, 34.172887845547201, 0.0 ], [ -118.079384911149006, 34.172840021566898, 0.0 ], [ -118.079357079149005, 34.172833823566897, 0.0 ], [ -118.079198431441, 34.172810519503201, 0.0 ], [ -118.079169727440998, 34.172808432503203, 0.0 ], [ -118.079080703648998, 34.172808432615298, 0.0 ], [ -118.079010879806006, 34.172808432703299, 0.0 ], [ -118.078982176805994, 34.172810519703297, 0.0 ], [ -118.078823540000997, 34.1728338217521, 0.0 ], [ -118.078795707001007, 34.172840019752002, 0.0 ], [ -118.078637961569001, 34.172887855761303, 0.0 ], [ -118.078611848568997, 34.172897976761298, 0.0 ], [ -118.078542562986001, 34.172931308410099, 0.0 ], [ -118.078404229534996, 34.172818380292, 0.0 ], [ -118.077957787111004, 34.172547723532801, 0.0 ], [ -118.077714879287001, 34.172395318294598, 0.0 ], [ -118.077818290720998, 34.172332499354098, 0.0 ], [ -118.078286639599, 34.1721483970449, 0.0 ], [ -118.078740657173, 34.171983659105997, 0.0 ], [ -118.079084223883001, 34.171895077574803, 0.0 ], [ -118.079526684909993, 34.171828086294099, 0.0 ], [ -118.079901847293002, 34.171698550572302, 0.0 ], [ -118.080206211546994, 34.171443817932897, 0.0 ], [ -118.080454879547005, 34.171143589933003, 0.0 ], [ -118.080537117766994, 34.171030269156098, 0.0 ], [ -118.080763617767005, 34.170672036155999, 0.0 ], [ -118.080844433430002, 34.170518501337199, 0.0 ], [ -118.081073404430001, 34.169984728337297, 0.0 ], [ -118.081146059323004, 34.169739740338699, 0.0 ], [ -118.081206296568993, 34.169391703018398, 0.0 ], [ -118.081211039626993, 34.169364298685998, 0.0 ], [ -118.081297529688996, 34.168969821765501, 0.0 ], [ -118.081322939632997, 34.168737537026502, 0.0 ], [ -118.081323390633997, 34.168520608317998, 0.0 ], [ -118.081324014440995, 34.168448544335099, 0.0 ], [ -118.081325114669994, 34.168386612252498, 0.0 ], [ -118.081325804467994, 34.168364514190202, 0.0 ], [ -118.081427417967006, 34.168245570810001, 0.0 ], [ -118.081583456442999, 34.168005199119698, 0.0 ], [ -118.081671798803995, 34.167732578168803, 0.0 ], [ -118.081789058804006, 34.167096015168802, 0.0 ], [ -118.081789511075996, 34.1670621281366, 0.0 ], [ -118.081793471344, 34.166765400211098, 0.0 ], [ -118.081793970427995, 34.16672800573, 0.0 ], [ -118.081676697326003, 34.166379147462997, 0.0 ], [ -118.081540918325999, 34.166126486463, 0.0 ], [ -118.081349945146997, 34.165869822705602, 0.0 ], [ -118.081092951795995, 34.165679293293302, 0.0 ], [ -118.080791865360993, 34.165571154503397, 0.0 ], [ -118.08078107755, 34.165568987470202, 0.0 ], [ -118.080535530665003, 34.165519682615901, 0.0 ], [ -118.080558042318003, 34.165391252354503, 0.0 ], [ -118.080618129208005, 34.165081014460398, 0.0 ], [ -118.080701997424001, 34.1646676639661, 0.0 ], [ -118.080767921318994, 34.164365760334803, 0.0 ], [ -118.080815900893995, 34.164175303566701, 0.0 ], [ -118.080821549503995, 34.164160444490001, 0.0 ], [ -118.080827882380007, 34.164101337654799, 0.0 ], [ -118.080899914691003, 34.164305483443599, 0.0 ], [ -118.081081088877994, 34.164547812921398, 0.0 ] ] ], [ [ [ -118.077017506315997, 34.168144682581698, 0.0 ], [ -118.076705105315, 34.168549573581799, 0.0 ], [ -118.076531808484006, 34.1688764914676, 0.0 ], [ -118.076486134522, 34.169015386318399, 0.0 ], [ -118.076278621219004, 34.1692033190374, 0.0 ], [ -118.076201871565999, 34.169280084297398, 0.0 ], [ -118.076011839789999, 34.1694900011248, 0.0 ], [ -118.075957269700993, 34.169498017381898, 0.0 ], [ -118.075929438700996, 34.169504215381899, 0.0 ], [ -118.075771688751999, 34.169552055830103, 0.0 ], [ -118.075745574752005, 34.169562177830002, 0.0 ], [ -118.075590480236002, 34.1696367973422, 0.0 ], [ -118.075576218481999, 34.169645097814403, 0.0 ], [ -118.075578602568996, 34.169641114082999, 0.0 ], [ -118.073808410471003, 34.1685407244006, 0.0 ], [ -118.073338346582005, 34.168248522523498, 0.0 ], [ -118.073298846289006, 34.168209282524003, 0.0 ], [ -118.073278473288994, 34.168192349523899, 0.0 ], [ -118.073129358716997, 34.168088067775301, 0.0 ], [ -118.073105757717002, 34.168074330775397, 0.0 ], [ -118.072950612431001, 34.167999685761302, 0.0 ], [ -118.072924499430997, 34.167989564761299, 0.0 ], [ -118.072766778450003, 34.1679417341972, 0.0 ], [ -118.072738948449995, 34.167935536197199, 0.0 ], [ -118.072580287196999, 34.167912228703699, 0.0 ], [ -118.072551584197001, 34.167910141703601, 0.0 ], [ -118.072392731050002, 34.167910141903697, 0.0 ], [ -118.072364029049993, 34.167912228903802, 0.0 ], [ -118.072205378701, 34.167935534382003, 0.0 ], [ -118.072177547701003, 34.167941732382097, 0.0 ], [ -118.072019805392003, 34.167989569868901, 0.0 ], [ -118.071993693390993, 34.167999690868903, 0.0 ], [ -118.071838591241004, 34.168074313339197, 0.0 ], [ -118.071814990240995, 34.168088049339097, 0.0 ], [ -118.071665841583993, 34.168192351954403, 0.0 ], [ -118.071645467584005, 34.168209285954497, 0.0 ], [ -118.071507918370003, 34.168345925361798, 0.0 ], [ -118.071491391370003, 34.168365543361801, 0.0 ], [ -118.071373790351998, 34.168535375888801, 0.0 ], [ -118.071366989412994, 34.168547500274002, 0.0 ], [ -118.071289712397999, 34.168501255602401, 0.0 ], [ -118.070967141433997, 34.168423945878999, 0.0 ], [ -118.070636220289003, 34.168446749723699, 0.0 ], [ -118.070327302880003, 34.1685675754416, 0.0 ], [ -118.070323456736006, 34.168569802448502, 0.0 ], [ -118.070161339926997, 34.168663707012001, 0.0 ], [ -118.069501379735996, 34.169045982448402, 0.0 ], [ -118.069210676460003, 34.169290496694302, 0.0 ], [ -118.069020978148998, 34.169619601786302, 0.0 ], [ -118.068955104, 34.169993709, 0.0 ], [ -118.068955104, 34.170472025, 0.0 ], [ -118.069002394101005, 34.170790382321201, 0.0 ], [ -118.069044764853999, 34.170879826343601, 0.0 ], [ -118.066794585612996, 34.170879826343601, 0.0 ], [ -118.066796309671005, 34.170863438858198, 0.0 ], [ -118.066796304419, 34.170634203233099, 0.0 ], [ -118.066793793418995, 34.170610346233197, 0.0 ], [ -118.066746988697005, 34.170388962810101, 0.0 ], [ -118.066739531696996, 34.170365829810102, 0.0 ], [ -118.066652289556998, 34.170165957163697, 0.0 ], [ -118.066640112556996, 34.170144253163599, 0.0 ], [ -118.066522580668007, 34.169974531336003, 0.0 ], [ -118.066506054667997, 34.169954913335999, 0.0 ], [ -118.066368508859995, 34.169818269271801, 0.0 ], [ -118.066348134859993, 34.169801334271902, 0.0 ], [ -118.066347136588007, 34.169800636165903, 0.0 ], [ -118.066198926892994, 34.169696991047701, 0.0 ], [ -118.066175323893006, 34.169683255047602, 0.0 ], [ -118.066020235785004, 34.169608644797997, 0.0 ], [ -118.065994124785007, 34.169598524797998, 0.0 ], [ -118.065836439896998, 34.169550703532899, 0.0 ], [ -118.065808608897001, 34.169544504532901, 0.0 ], [ -118.065649916436001, 34.169521190502799, 0.0 ], [ -118.065621212436, 34.1695191035029, 0.0 ], [ -118.065462364810998, 34.169519103703102, 0.0 ], [ -118.065433661810999, 34.169521190703001, 0.0 ], [ -118.065275000550002, 34.169544498197098, 0.0 ], [ -118.065247170549995, 34.169550696197099, 0.0 ], [ -118.06508941557, 34.169598539939599, 0.0 ], [ -118.065063302569996, 34.169608661939598, 0.0 ], [ -118.064908238672004, 34.169683266194198, 0.0 ], [ -118.064884636672005, 34.169697002194297, 0.0 ], [ -118.064846488868, 34.169723679872497, 0.0 ], [ -118.064735450265999, 34.169801331842002, 0.0 ], [ -118.064715077266001, 34.169818265841897, 0.0 ], [ -118.064676947009005, 34.169856143852101, 0.0 ], [ -118.064577566094002, 34.169954867324101, 0.0 ], [ -118.064561039094002, 34.1699744843242, 0.0 ], [ -118.064443439128993, 34.170144304416098, 0.0 ], [ -118.064431263128995, 34.1701660094161, 0.0 ], [ -118.064357928909999, 34.170334022432698, 0.0 ], [ -118.063859195570004, 34.170505717516903, 0.0 ], [ -118.063732417853004, 34.170375947285699, 0.0 ], [ -118.063459052325996, 34.170223010083099, 0.0 ], [ -118.063447096776997, 34.170218419872697, 0.0 ], [ -118.062885046776998, 34.170002626872602, 0.0 ], [ -118.062545737383999, 34.169931151525198, 0.0 ], [ -118.062028545383995, 34.169905973525204, 0.0 ], [ -118.061735312105995, 34.169931292196303, 0.0 ], [ -118.061459409175001, 34.170033782990402, 0.0 ], [ -118.061102661174999, 34.170224273990399, 0.0 ], [ -118.060750236489, 34.170522881000203, 0.0 ], [ -118.060537475488999, 34.170799637000201, 0.0 ], [ -118.060534832908999, 34.170803390748802, 0.0 ], [ -118.060484519501998, 34.1708748602707, 0.0 ], [ -118.060162768501996, 34.171375309270701, 0.0 ], [ -118.060065432615005, 34.1715651144753, 0.0 ], [ -118.059913210614994, 34.171950342475199, 0.0 ], [ -118.059879578990007, 34.172115181239597, 0.0 ], [ -118.059566308114, 34.1719903252108, 0.0 ], [ -118.059244160686006, 34.171915671913801, 0.0 ], [ -118.059122377489999, 34.171924868283199, 0.0 ], [ -118.058504860843001, 34.1715701246777, 0.0 ], [ -118.058504442420002, 34.171566149234401, 0.0 ], [ -118.058457624537994, 34.171344724990199, 0.0 ], [ -118.058450166537995, 34.1713215919902, 0.0 ], [ -118.058362966870007, 34.171121812414398, 0.0 ], [ -118.058350790869994, 34.171100107414397, 0.0 ], [ -118.058233229668005, 34.170930333335299, 0.0 ], [ -118.058216703667995, 34.170910715335303, 0.0 ], [ -118.058079108963, 34.170774030630099, 0.0 ], [ -118.058058734962998, 34.170757097630101, 0.0 ], [ -118.057987977951996, 34.170707617651502, 0.0 ], [ -118.057992203324005, 34.170710062441003, 0.0 ], [ -118.057986680748002, 34.170707301153101, 0.0 ], [ -118.057969659579996, 34.170685502102003, 0.0 ], [ -118.057957123172997, 34.170686041078199, 0.0 ], [ -118.057909605847996, 34.170652812481002, 0.0 ], [ -118.057886002847994, 34.170639075480999, 0.0 ], [ -118.057730905607997, 34.170564455868799, 0.0 ], [ -118.057704793607996, 34.170554334868797, 0.0 ], [ -118.057547043149, 34.170506495567103, 0.0 ], [ -118.057519211149, 34.170500297567102, 0.0 ], [ -118.057360566192997, 34.170476993703403, 0.0 ], [ -118.057331863192999, 34.170474906703397, 0.0 ], [ -118.057173015559002, 34.170474906503301, 0.0 ], [ -118.057144311559, 34.1704769935033, 0.0 ], [ -118.057109447593007, 34.170482115009101, 0.0 ], [ -118.057035635047001, 34.170492958049401, 0.0 ], [ -118.057046966338007, 34.168000073933101, 0.0 ], [ -118.057092345870004, 34.167934541585197, 0.0 ], [ -118.057104521870002, 34.167912836585202, 0.0 ], [ -118.057109447593007, 34.167901551658098, 0.0 ], [ -118.057109447593007, 34.168034580434401, 0.0 ], [ -118.057126235664995, 34.167936631974001, 0.0 ], [ -118.057110282257, 34.167939032044202, 0.0 ], [ -118.057110028587005, 34.167900220589303, 0.0 ], [ -118.057191717294998, 34.167713070171501, 0.0 ], [ -118.057199175294997, 34.167689938171598, 0.0 ], [ -118.057246002670993, 34.167468450859502, 0.0 ], [ -118.057248512670995, 34.167444592859397, 0.0 ], [ -118.057248507419004, 34.167215357231797, 0.0 ], [ -118.057245996418999, 34.167191500231901, 0.0 ], [ -118.057199191696995, 34.166970116810198, 0.0 ], [ -118.057191734697, 34.166946983810199, 0.0 ], [ -118.057160268033002, 34.166874886465102, 0.0 ], [ -118.057811023051997, 34.166875422446402, 0.0 ], [ -118.059181057703, 34.166879841913001, 0.0 ], [ -118.059188967265996, 34.166885276438002, 0.0 ], [ -118.059126695955001, 34.166839249816697, 0.0 ], [ -118.059819175629002, 34.166854987991101, 0.0 ], [ -118.059848474069, 34.1673384122427, 0.0 ], [ -118.059870543605001, 34.167353575842199, 0.0 ], [ -118.059879480757999, 34.168296624234003, 0.0 ], [ -118.059891633838006, 34.1683151934755, 0.0 ], [ -118.059893418895001, 34.168768597962298, 0.0 ], [ -118.060245760217995, 34.168768597962298, 0.0 ], [ -118.060796344181995, 34.168768148429898, 0.0 ], [ -118.062857743208994, 34.168757457401703, 0.0 ], [ -118.066372278032006, 34.1687360753455, 0.0 ], [ -118.066635632583001, 34.168695526769902, 0.0 ], [ -118.068135754885006, 34.168666747445101, 0.0 ], [ -118.068156081633006, 34.167655491732603, 0.0 ], [ -118.069380395734001, 34.167647278534297, 0.0 ], [ -118.071893350028006, 34.167651780019803, 0.0 ], [ -118.074296392098006, 34.1676383856272, 0.0 ], [ -118.076152310747005, 34.167613061201202, 0.0 ], [ -118.076152533571999, 34.167596349326999, 0.0 ], [ -118.076815320218003, 34.167596349326999, 0.0 ], [ -118.077064086473996, 34.167584510221999, 0.0 ], [ -118.077068450593998, 34.167484806868302, 0.0 ], [ -118.078071894646001, 34.167461018323898, 0.0 ], [ -118.077785644485004, 34.167621922521199, 0.0 ], [ -118.077363273027999, 34.1678505488563, 0.0 ], [ -118.077017506315997, 34.168144682581698, 0.0 ] ] ], [ [ [ -118.069039782998999, 34.1708853392782, 0.0 ], [ -118.069044982983996, 34.170880286811098, 0.0 ], [ -118.069047195286998, 34.170884956950303, 0.0 ], [ -118.069039782998999, 34.1708853392782, 0.0 ] ] ] ] } }
]
}
